permno,date,ret
11600,1/31/2000,0.047619049
11600,2/29/2000,0.035353534
11600,3/31/2000,0.109756097
11600,4/28/2000,0.024229076
11600,5/31/2000,0.055913977
11600,6/30/2000,0.006109979
11600,7/31/2000,0.097363085
11600,8/31/2000,-0.012939001
11600,9/29/2000,0.048689138
11600,10/31/2000,-0.007155635
11600,11/30/2000,0.043243244
11600,12/29/2000,0.083074264
11600,1/31/2001,-0.116613418
11600,2/28/2001,0.088607594
11600,3/30/2001,-0.028093023
11600,4/30/2001,0.073424667
11600,5/31/2001,0.124042891
11600,6/29/2001,0.00860008
11600,7/31/2001,-0.001127379
11600,8/31/2001,0.00722347
11600,9/28/2001,0.031123929
11600,10/31/2001,-0.020679081
11600,11/30/2001,0.03511887
11600,12/31/2001,0.079423472
11600,1/31/2002,-0.014940239
11600,2/28/2002,0.006167775
11600,3/28/2002,0.118661545
11600,4/30/2002,0.070426248
11600,5/31/2002,0.009831188
11600,6/28/2002,-0.07748381
11600,7/31/2002,0.073963687
11600,8/30/2002,0.000756781
11600,9/30/2002,0.01376355
11600,10/31/2002,-0.080906153
11600,11/29/2002,-0.091278419
11600,12/31/2002,0.110163979
11600,1/31/2003,-0.097311795
11600,2/28/2003,0.038713496
11600,3/31/2003,-0.001261472
11600,4/30/2003,0.073584288
11600,5/30/2003,0.001874155
11600,6/30/2003,0.095831133
11600,7/31/2003,0.062744133
11600,8/29/2003,0.005054014
11600,9/30/2003,0.024914289
11600,10/31/2003,-0.019123547
11600,11/28/2003,0.025039801
11600,12/31/2003,0.004274915
11600,1/30/2004,-0.069957934
11600,2/27/2004,0.044989366
11600,3/31/2004,0.010990895
11600,4/30/2004,0.093164831
11600,5/28/2004,0.019603813
11600,6/30/2004,0.055504929
11600,7/30/2004,-0.06660264
11600,8/31/2004,0.04770717
11600,9/30/2004,0.020461194
11600,10/29/2004,0.001347703
11600,11/30/2004,0.011536287
11600,12/31/2004,0.069378451
11600,1/31/2005,-0.002313186
11600,2/28/2005,-0.019618306
11600,3/31/2005,-0.009095895
11600,4/29/2005,0.004043397
11600,5/31/2005,0.044297971
11600,6/30/2005,-0.052410156
11600,7/29/2005,0.032407407
11600,8/31/2005,-0.049865451
11600,9/30/2005,0.020955242
11600,10/31/2005,0.020733042
11600,11/30/2005,0.008705106
11600,12/30/2005,-0.033441216
11600,1/31/2006,0.000186294
11600,2/28/2006,0.061266311
11600,3/31/2006,0.02158273
11600,4/28/2006,0.026139237
11600,5/31/2006,0.002178667
11600,6/30/2006,0.014548482
11600,7/31/2006,0.0330033
11600,8/31/2006,0.040894654
11600,9/29/2006,-0.074739136
11600,10/31/2006,0.038857523
11600,11/30/2006,0.020780038
11600,12/29/2006,-0.063889757
11600,1/31/2007,0.03316582
11600,2/28/2007,0.022697819
11600,3/30/2007,0.039632183
11600,4/30/2007,0.020152668
11600,5/31/2007,0.082008339
11600,6/29/2007,0.05947734
11600,7/31/2007,-0.046262328
11600,8/31/2007,0.079199761
11600,9/28/2007,0.058405239
11600,10/31/2007,-0.003842456
11600,11/30/2007,0.031340387
11600,12/31/2007,0.053412851
11600,1/31/2008,-0.082407795
11600,2/29/2008,-0.054950386
11600,3/31/2008,-0.01011789
11600,4/30/2008,0.006994831
11600,5/30/2008,0.042963777
11600,6/30/2008,-0.091144592
11600,7/31/2008,0.093750022
11600,8/29/2008,-0.026335439
11600,9/30/2008,-0.040954269
11600,10/31/2008,-0.190729931
11600,11/28/2008,-0.141540468
11600,12/31/2008,0.08473926
11600,1/30/2009,-0.047096316
11600,2/27/2009,-0.1408398
11600,3/31/2009,0.163494781
11600,4/30/2009,0.065921806
11600,5/29/2009,0.022361962
11600,6/30/2009,0.046479817
11600,7/31/2009,0.090938792
11600,8/31/2009,0.011094536
11600,9/30/2009,0.025800701
11600,10/30/2009,-0.045744117
11600,11/30/2009,0.010922349
11600,12/31/2009,0.057022765
11600,1/29/2010,-0.046630636
11600,2/26/2010,-0.013122536
11600,3/31/2010,0.055605952
11600,4/30/2010,0.050745424
11600,5/28/2010,-0.115143277
11600,6/30/2010,-0.076164059
11600,7/30/2010,0.00367772
11600,8/31/2010,-0.074616916
11600,9/30/2010,0.152627736
11600,10/29/2010,-0.018142005
11600,11/30/2010,-0.0149729
11600,12/31/2010,0.106726974
11600,1/31/2011,0.038337767
11600,2/28/2011,0.053269431
11600,3/31/2011,-0.00883054
11600,4/29/2011,0.01513916
11600,5/31/2011,0.045006722
11600,6/30/2011,-0.028287457
11600,7/29/2011,-0.00498956
11600,8/31/2011,-0.070994951
11600,9/30/2011,-0.126704544
11600,10/31/2011,0.204301029
11600,11/30/2011,-0.022997795
11600,12/30/2011,-0.029493185
11600,1/31/2012,0.07859388
11600,2/29/2012,0.025702102
11600,3/30/2012,0.038103901
11600,4/30/2012,0.02317469
11600,5/31/2012,-0.098879717
11600,6/29/2012,0.023378415
11600,7/31/2012,-0.038878635
11600,8/31/2012,-0.001926244
11600,9/28/2012,0.053074136
11600,10/31/2012,-0.034084931
11600,11/30/2012,0.077633023
11600,12/31/2012,-0.000881616
11600,1/31/2013,0.054279163
11600,2/28/2013,-0.008141766
11600,3/28/2013,0.026134729
11600,4/30/2013,-0.002120645
11600,5/31/2013,-0.013931527
11600,6/28/2013,-0.017660422
11600,7/31/2013,0.046875048
11600,8/30/2013,-0.020755582
11600,9/30/2013,0.035425082
11600,10/31/2013,0.084993631
11600,11/29/2013,0.009659311
11600,12/31/2013,0.020658078
11600,1/31/2014,-0.048267331
11600,2/28/2014,-0.016471572
11600,3/31/2014,0.016003743
11600,4/30/2014,-0.030625539
11600,5/30/2014,0.059601162
11600,6/30/2014,0.002669646
11600,7/31/2014,-0.019640978
11600,8/29/2014,0.027682114
11600,9/30/2014,-0.042736679
11600,10/31/2014,0.113377243
11600,11/28/2014,0.082922965
11600,12/31/2014,-0.029897219
11600,1/30/2015,-0.060916066
11600,2/27/2015,0.059670098
11600,3/31/2015,-0.038624767
11600,4/30/2015,0.002161537
11600,5/29/2015,0.020294115
11600,6/30/2015,-0.007927368
11600,7/31/2015,0.103976734
11600,8/31/2015,-0.079072222
11600,9/30/2015,-0.033724483
11600,10/30/2015,0.20328255
11600,11/30/2015,-0.00312241
11600,12/31/2015,0.004327376
11600,1/29/2016,-0.032210339
11600,2/29/2016,0.035150275
11600,3/31/2016,0.012262172
11600,4/29/2016,-0.032938544
11600,5/31/2016,0.042953044
11600,6/30/2016,-0.000683702
11600,7/29/2016,0.032237265
11600,8/31/2016,-0.040287349
11600,9/30/2016,-0.031768609
11600,10/31/2016,-0.031297334
11600,11/30/2016,0.010595807
11600,12/30/2016,-0.006402557
11600,1/31/2017,-0.017841656
11600,2/28/2017,0.120282181
11600,3/31/2017,-0.015625028
11600,4/28/2017,0.012812349
11600,5/31/2017,0.004427558
11600,6/30/2017,0.02215831
11600,7/31/2017,-0.043337412
11600,8/31/2017,-0.088021912
11600,9/29/2017,0.058820959
11600,10/31/2017,0.021066682
11600,11/30/2017,0.097265474
11600,12/29/2017,-0.016303541
11600,1/31/2018,-0.076257028
11600,2/28/2018,-0.078112148
11600,3/29/2018,-0.101007849
11600,4/30/2018,0.000596279
11600,5/31/2018,-0.129717886
11600,6/29/2018,0.001084206
11600,7/31/2018,0.099154674
11600,8/31/2018,-0.170234933
11600,9/28/2018,-0.052417248
11600,10/31/2018,-0.082405947
11600,11/30/2018,0.090961523
11600,12/31/2018,-0.0127713
13610,1/31/2000,-0.116719246
13610,2/29/2000,-0.102857143
13610,3/31/2000,0.145161286
13610,4/28/2000,0
13610,5/31/2000,-0.108450703
13610,6/30/2000,0.056000002
13610,7/31/2000,-0.049242426
13610,8/31/2000,0.064541832
13610,9/29/2000,-0.018939395
13610,10/31/2000,0.096525095
13610,11/30/2000,-0.013380282
13610,12/29/2000,0.277978331
13610,1/31/2001,-0.190508485
13610,2/28/2001,0.169737592
13610,3/30/2001,-0.017349428
13610,4/30/2001,-0.070622787
13610,5/31/2001,0.003166158
13610,6/29/2001,-0.096757032
13610,7/31/2001,-0.007062915
13610,8/31/2001,-0.006520532
13610,9/28/2001,-0.112318821
13610,10/31/2001,0.019047601
13610,11/30/2001,0.116154939
13610,12/31/2001,-0.023002485
13610,1/31/2002,-0.108426213
13610,2/28/2002,0.187630221
13610,3/28/2002,0.113084659
13610,4/30/2002,-0.031382989
13610,5/31/2002,0.091707923
13610,6/28/2002,0.1255081
13610,7/31/2002,-0.162528232
13610,8/30/2002,0.035040475
13610,9/30/2002,-0.137894779
13610,10/31/2002,-0.007325943
13610,11/29/2002,-0.059655599
13610,12/31/2002,0.030483766
13610,1/31/2003,0.036655989
13610,2/28/2003,0.035980094
13610,3/31/2003,0.101212129
13610,4/30/2003,-0.002751747
13610,5/30/2003,-0.014348839
13610,6/30/2003,-0.031710051
13610,7/31/2003,0.092397653
13610,8/29/2003,-0.014454027
13610,9/30/2003,-0.131246537
13610,10/31/2003,0.100505702
13610,11/28/2003,0.05743821
13610,12/31/2003,0.101592556
13610,1/30/2004,-0.049351934
13610,2/27/2004,-0.037231244
13610,3/31/2004,-0.017070455
13610,4/30/2004,-0.032492992
13610,5/28/2004,-0.035900388
13610,6/30/2004,0.071124621
13610,7/30/2004,-0.019296262
13610,8/31/2004,-0.010995445
13610,9/30/2004,0.184132665
13610,10/29/2004,-0.06499996
13610,11/30/2004,0.224064156
13610,12/31/2004,-0.02952843
13610,1/31/2005,0.011353315
13610,2/28/2005,0.129321963
13610,3/31/2005,-0.106212482
13610,4/29/2005,-0.204484284
13610,5/31/2005,0.06933488
13610,6/30/2005,-0.028236583
13610,7/29/2005,0.006030735
13610,8/31/2005,0.028882829
13610,9/30/2005,0.016595259
13610,10/31/2005,-0.05845185
13610,11/30/2005,0.087807655
13610,12/30/2005,0.022337679
13610,1/31/2006,0.041666649
13610,2/28/2006,0.034634158
13610,3/31/2006,0.021894293
13610,4/28/2006,-0.042850494
13610,5/31/2006,-0.128467172
13610,6/30/2006,0.012422429
13610,7/31/2006,-0.105967626
13610,8/31/2006,-0.049906481
13610,9/29/2006,0.021956082
13610,10/31/2006,0.126302063
13610,11/30/2006,-0.021387266
13610,12/29/2006,-0.012552246
13610,1/31/2007,0.01937044
13610,2/28/2007,0.038004782
13610,3/30/2007,-0.019675935
13610,4/30/2007,0.011806307
13610,5/31/2007,0.192532122
13610,6/29/2007,0.037549417
13610,7/31/2007,-0.006190436
13610,8/31/2007,0.036895048
13610,9/28/2007,0.043843217
13610,10/31/2007,0.01787317
13610,11/30/2007,-0.071992978
13610,12/31/2007,-0.076886371
13610,1/31/2008,0.06001034
13610,2/29/2008,-0.052220616
13610,3/31/2008,0.028095782
13610,4/30/2008,0.02074898
13610,5/30/2008,0.125433803
13610,6/30/2008,0.163555562
13610,7/31/2008,0.135981649
13610,8/29/2008,-0.088433087
13610,9/30/2008,-0.279078424
13610,10/31/2008,-0.063917518
13610,11/28/2008,-0.087004445
13610,12/31/2008,0.103785157
13610,1/30/2009,-0.222898215
13610,2/27/2009,-0.24270466
13610,3/31/2009,0.366858333
13610,4/30/2009,-0.117028736
13610,5/29/2009,0.076190419
13610,6/30/2009,-0.110029891
13610,7/31/2009,0.159798115
13610,8/31/2009,0.228426382
13610,9/30/2009,0.041816056
13610,10/30/2009,-0.124426603
13610,11/30/2009,0.111329399
13610,12/31/2009,0.044722717
13610,1/29/2010,-0.058219202
13610,2/26/2010,0.073333345
13610,3/31/2010,0.120502606
13610,4/30/2010,0.070336349
13610,5/28/2010,-0.077619046
13610,6/30/2010,-0.056338023
13610,7/30/2010,0.122166894
13610,8/31/2010,-0.107881747
13610,9/30/2010,0.125628144
13610,10/29/2010,-0.008432544
13610,11/30/2010,-0.076037988
13610,12/31/2010,0.123152703
13610,1/31/2011,-0.051169645
13610,2/28/2011,-0.033898238
13610,3/31/2011,0.231595874
13610,4/29/2011,0.123036638
13610,5/31/2011,-0.059052031
13610,6/30/2011,-0.056619506
13610,7/29/2011,-0.077228598
13610,8/31/2011,-0.036824454
13610,9/30/2011,-0.096790381
13610,10/31/2011,0.047196023
13610,11/30/2011,0.018027538
13610,12/30/2011,0.034210507
13610,1/31/2012,0.129771054
13610,2/29/2012,-0.043693695
13610,3/30/2012,0.03423677
13610,4/30/2012,-0.036321882
13610,5/31/2012,-0.075858735
13610,6/29/2012,0.08972349
13610,7/31/2012,-0.031115349
13610,8/31/2012,0.068675913
13610,9/28/2012,0.013999031
13610,10/31/2012,-0.045559127
13610,11/30/2012,0.009161031
13610,12/31/2012,0.041485801
13610,1/31/2013,0.077350631
13610,2/28/2013,0.00429921
13610,3/28/2013,0.088946439
13610,4/30/2013,-0.041633595
13610,5/31/2013,0.039718669
13610,6/28/2013,-0.040513445
13610,7/31/2013,0.02006687
13610,8/30/2013,-0.045081936
13610,9/30/2013,-0.001298731
13610,10/31/2013,-0.024273926
13610,11/29/2013,0.111950226
13610,12/31/2013,0.161900952
13610,1/31/2014,-0.108838864
13610,2/28/2014,0.026448909
13610,3/31/2014,0.054219168
13610,4/30/2014,0.017747184
13610,5/30/2014,-0.023131685
13610,6/30/2014,-0.012110089
13610,7/31/2014,-0.0130015
13610,8/29/2014,0.034625564
13610,9/30/2014,-0.074752688
13610,10/31/2014,-0.04000001
13610,11/28/2014,0.046204623
13610,12/31/2014,-0.094992027
13610,1/30/2015,0.101010062
13610,2/27/2015,0.126446009
13610,3/31/2015,0.142653346
13610,4/30/2015,-0.078339577
13610,5/29/2015,-0.003047779
13610,6/30/2015,-0.078317337
13610,7/31/2015,-0.146938801
13610,8/31/2015,-0.123097032
13610,9/30/2015,-0.15781562
13610,10/30/2015,0.14098756
13610,11/30/2015,0.145464033
13610,12/31/2015,-0.207165837
13610,1/29/2016,-0.01853996
13610,2/29/2016,-0.093270406
13610,3/31/2016,0.145778432
13610,4/29/2016,0.254461706
13610,5/31/2016,0.065167472
13610,6/30/2016,0.079530634
13610,7/29/2016,-0.158615157
13610,8/31/2016,0.044976067
13610,9/30/2016,-0.051755961
13610,10/31/2016,0.068713441
13610,11/30/2016,0.194710419
13610,12/30/2016,-0.014999976
13610,1/31/2017,0.023428287
13610,2/28/2017,0.193437651
13610,3/31/2017,0.057593275
13610,4/28/2017,-0.022512866
13610,5/31/2017,-0.080610044
13610,6/30/2017,0.032038189
13610,7/31/2017,-0.026420116
13610,8/31/2017,0.100067846
13610,9/29/2017,0.062674545
13610,10/31/2017,0.066569306
13610,11/30/2017,-0.018888569
13610,12/29/2017,-0.001683433
13610,1/31/2018,0.047779564
13610,2/28/2018,-0.122854047
13610,3/29/2018,-0.064923093
13610,4/30/2018,-0.006581075
13610,5/31/2018,0.07750915
13610,6/29/2018,-0.111661069
13610,7/31/2018,0.027506996
13610,8/31/2018,0.048119258
13610,9/28/2018,-0.164334506
13610,10/31/2018,-0.213395625
13610,11/30/2018,0.075742565
13610,12/31/2018,-0.065954484
39731,1/31/2000,-0.11660777
39731,2/29/2000,0.028000001
39731,3/31/2000,-0.259455264
39731,4/28/2000,-0.015789473
39731,5/31/2000,-0.03208556
39731,6/30/2000,-0.130828723
39731,7/31/2000,0.082802549
39731,8/31/2000,0.05882353
39731,9/29/2000,0.007333333
39731,10/31/2000,0.232044205
39731,11/30/2000,0.131479815
39731,12/29/2000,0.003968254
39731,1/31/2001,0.113043502
39731,2/28/2001,0.025568116
39731,3/30/2001,-0.013296306
39731,4/30/2001,-0.087127663
39731,5/31/2001,-0.005541882
39731,6/29/2001,0.18018584
39731,7/31/2001,-0.116071478
39731,8/31/2001,-0.0433749
39731,9/28/2001,-0.05465842
39731,10/31/2001,-0.177631572
39731,11/30/2001,0.00800003
39731,12/31/2001,0.103174582
39731,1/31/2002,-0.048991375
39731,2/28/2002,0.045454577
39731,3/28/2002,0.162318856
39731,4/30/2002,-0.013732851
39731,5/31/2002,0.047468293
39731,6/28/2002,0.094864123
39731,7/31/2002,-0.155248642
39731,8/30/2002,-0.123610228
39731,9/30/2002,0.005223895
39731,10/31/2002,-0.176951677
39731,11/29/2002,0.133694723
39731,12/31/2002,-0.054183252
39731,1/31/2003,-0.0160338
39731,2/28/2003,-0.039451119
39731,3/31/2003,-0.051785663
39731,4/30/2003,0.202830151
39731,5/30/2003,0.129411742
39731,6/30/2003,-0.144444406
39731,7/31/2003,0.04471546
39731,8/29/2003,0.046692561
39731,9/30/2003,-0.136059433
39731,10/31/2003,0.094827533
39731,11/28/2003,0.033070873
39731,12/31/2003,0.157774404
39731,1/30/2004,-0.048121326
39731,2/27/2004,-0.040858671
39731,3/31/2004,0.023826659
39731,4/30/2004,-0.018374508
39731,5/28/2004,-0.078473732
39731,6/30/2004,-0.021093765
39731,7/30/2004,-0.124000013
39731,8/31/2004,0.173516035
39731,9/30/2004,-0.130739301
39731,10/29/2004,0.102333874
39731,11/30/2004,0.129478842
39731,12/31/2004,0.031002143
39731,1/31/2005,-0.084805645
39731,2/28/2005,-0.003861019
39731,3/31/2005,0.015891489
39731,4/29/2005,-0.056214124
39731,5/31/2005,-0.103727691
39731,6/30/2005,0.024412274
39731,7/29/2005,0.049557474
39731,8/31/2005,-0.040472139
39731,9/30/2005,-0.127416566
39731,10/31/2005,-0.107070655
39731,11/30/2005,-0.012443508
39731,12/30/2005,0.040091716
39731,1/31/2006,0.039167486
39731,2/28/2006,-0.029166654
39731,3/31/2006,-0.007970487
39731,4/28/2006,-0.062034797
39731,5/31/2006,-0.113756634
39731,6/30/2006,-0.083582044
39731,7/31/2006,0.180851057
39731,8/31/2006,-0.015939049
39731,9/29/2006,-0.02253522
39731,10/31/2006,0.00868306
39731,11/30/2006,0.043041635
39731,12/29/2006,0.134800583
39731,1/31/2007,0.155717731
39731,2/28/2007,-0.048421055
39731,3/30/2007,0.159292012
39731,4/30/2007,0.090909071
39731,5/31/2007,-0.072807014
39731,6/29/2007,-0.112582721
39731,7/31/2007,-0.117647097
39731,8/31/2007,0.070303023
39731,9/28/2007,-0.023782535
39731,10/31/2007,0.123399235
39731,11/30/2007,-0.107253872
39731,12/31/2007,-0.009866485
39731,1/31/2008,0.011764751
39731,2/29/2008,-0.203488424
39731,3/31/2008,-0.035036493
39731,4/30/2008,-0.077507563
39731,5/30/2008,-0.118616186
39731,6/30/2008,-0.153271019
39731,7/31/2008,-0.066666707
39731,8/29/2008,-0.166666627
39731,9/30/2008,-0.005714272
39731,10/31/2008,-0.579304338
39731,11/28/2008,-0.311010092
39731,12/31/2008,-0.420000017
39731,1/30/2009,0.86206907
39731,2/27/2009,-0.333333343
39731,3/31/2009,-0.027777834
39731,4/30/2009,0.428571463
39731,5/29/2009,-0.25
39731,6/30/2009,-0.199999973
39731,7/31/2009,0.333333313
39731,8/31/2009,0.137500018
39731,9/30/2009,1.549450397
39731,10/30/2009,-0.211206853
39731,11/30/2009,-0.387978166
39731,12/31/2009,0.357142836
39731,1/29/2010,0.328947365
39731,2/26/2010,-0.009900981
39731,3/31/2010,0.174999952
39731,4/30/2010,0.561702251
39731,5/28/2010,-0.209809259
39731,6/30/2010,-0.165517241
39731,7/30/2010,0.024793364
39731,8/31/2010,-0.274193585
39731,9/30/2010,0.055555571
39731,10/29/2010,0.005263153
39731,11/30/2010,-0.073298424
39731,12/31/2010,0
39731,1/31/2011,0.016949136
39731,2/28/2011,0.172222197
39731,3/31/2011,-0.080568649
39731,4/29/2011,0.268041223
39731,5/31/2011,-0.044715501
39731,6/30/2011,-0.021276576
39731,7/29/2011,-0.102173872
39731,8/31/2011,-0.196125939
39731,9/30/2011,-0.156626508
39731,10/31/2011,0.192857131
39731,11/30/2011,-0.209580794
39731,12/30/2011,0.053030249
39731,1/31/2012,0.230215862
39731,2/29/2012,0.035087686
39731,3/30/2012,-0.096045174
39731,4/30/2012,-0.031250045
39731,5/31/2012,-0.209677383
39731,6/29/2012,0.097959183
39731,7/31/2012,0.11524161
39731,8/31/2012,0.056666691
39731,9/28/2012,0.255520493
39731,10/31/2012,0.022613104
39731,11/30/2012,-0.125307173
39731,12/31/2012,-0.02247189
39731,1/31/2013,0.954023004
39731,2/28/2013,0.102941148
39731,3/28/2013,0.093333311
39731,4/30/2013,0.439999998
39731,5/31/2013,-0.071815684
39731,6/28/2013,0.270437926
39731,7/31/2013,0.103131279
39731,8/30/2013,-0.169270799
39731,9/30/2013,0.148902789
39731,10/31/2013,-0.004092733
39731,11/29/2013,0.453698665
39731,12/31/2013,0.216547236
39731,1/31/2014,-0.28040278
39731,2/28/2014,0.049515612
39731,3/31/2014,-0.130256459
39731,4/30/2014,0.057193473
39731,5/30/2014,0.029559329
39731,6/30/2014,0.170097589
39731,7/31/2014,-0.114814788
39731,8/29/2014,-0.165271997
39731,9/30/2014,-0.221315786
39731,10/31/2014,0.19087851
39731,11/28/2014,0.109459452
39731,12/31/2014,0.114494465
39731,1/30/2015,-0.175956249
39731,2/27/2015,0.241379276
39731,3/31/2015,0.258547038
39731,4/30/2015,-0.023769079
39731,5/29/2015,0.182608724
39731,6/30/2015,-0.041764762
39731,7/31/2015,0.110343821
39731,8/31/2015,-0.300967544
39731,9/30/2015,0.146811724
39731,10/30/2015,0.245689601
39731,11/30/2015,0.021799345
39731,12/31/2015,-0.04266848
39731,1/29/2016,-0.205164522
39731,2/29/2016,-0.083222032
39731,3/31/2016,0.01699031
39731,4/29/2016,0.049641956
39731,5/31/2016,-0.016825782
39731,6/30/2016,-0.06567993
39731,7/29/2016,-0.044554528
39731,8/31/2016,0.068393871
39731,9/30/2016,-0.008244426
39731,10/31/2016,-0.162973091
39731,11/30/2016,0.157081693
39731,12/30/2016,0.050186787
39731,1/31/2017,0.076923095
39731,2/28/2017,0.16291967
39731,3/31/2017,0.021136764
39731,4/28/2017,-0.018796992
39731,5/31/2017,-0.191570878
39731,6/30/2017,0.068720326
39731,7/31/2017,0.137472302
39731,8/31/2017,-0.052631594
39731,9/29/2017,0.057613235
39731,10/31/2017,-0.007782131
39731,11/30/2017,-0.058815677
39731,12/29/2017,0.195823386
39731,1/31/2018,-0.024383292
39731,2/28/2018,-0.16429171
39731,3/29/2018,-0.089743607
39731,4/30/2018,-0.061032832
39731,5/31/2018,-0.039999962
39731,6/29/2018,0.523062408
39731,7/31/2018,-0.021981457
39731,8/31/2018,0.118881106
39731,9/28/2018,-0.009374976
39731,10/31/2018,-0.028075751
39731,11/30/2018,0.034079883
39731,12/31/2018,-0.160389215
79089,1/31/2000,-0.159459457
79089,2/29/2000,0.167202577
79089,3/31/2000,0.03305785
79089,4/28/2000,-0.114666663
79089,5/31/2000,-0.030120483
79089,6/30/2000,-0.034161489
79089,7/31/2000,-0.061093248
79089,8/31/2000,-0.044520549
79089,9/29/2000,-0.236559138
79089,10/31/2000,-0.018779343
79089,11/30/2000,0.138755977
79089,12/29/2000,-0.026260504
79089,1/31/2001,0.333333343
79089,2/28/2001,-0.093851134
79089,3/30/2001,-0.007142857
79089,4/30/2001,0.079712242
79089,5/31/2001,0.191364616
79089,6/29/2001,-0.071588382
79089,7/31/2001,-0.036144577
79089,8/31/2001,0.025500011
79089,9/28/2001,-0.234032184
79089,10/31/2001,0.154678509
79089,11/30/2001,0.199007764
79089,12/31/2001,-0.034482758
79089,1/31/2002,0.1152381
79089,2/28/2002,0.092655852
79089,3/28/2002,0.039077766
79089,4/30/2002,0.043625418
79089,5/31/2002,0.115675643
79089,6/28/2002,-0.003875965
79089,7/31/2002,-0.103112794
79089,8/30/2002,0.185466379
79089,9/30/2002,-0.082799695
79089,10/31/2002,-0.021945069
79089,11/29/2002,0.03518606
79089,12/31/2002,0.001970489
79089,1/31/2003,-0.090462148
79089,2/28/2003,-0.028108133
79089,3/31/2003,-0.0422692
79089,4/30/2003,0.063879237
79089,5/30/2003,0.22325328
79089,6/30/2003,0.051316358
79089,7/31/2003,0.078947395
79089,8/29/2003,0.103461809
79089,9/30/2003,-0.133689851
79089,10/31/2003,0.105761386
79089,11/28/2003,0.084480777
79089,12/31/2003,-0.034660269
79089,1/30/2004,0.029150432
79089,2/27/2004,0.200690761
79089,3/31/2004,-0.043153051
79089,4/30/2004,0.09861704
79089,5/28/2004,-0.023399001
79089,6/30/2004,0.145439222
79089,7/30/2004,-0.112293556
79089,8/31/2004,0.186854005
79089,9/30/2004,0.077673338
79089,10/29/2004,-0.038138341
79089,11/30/2004,-0.09106186
79089,12/31/2004,-0.052125689
79089,1/31/2005,0.088143535
79089,2/28/2005,-0.075268835
79089,3/31/2005,0.004844961
79089,4/29/2005,-0.102796495
79089,5/31/2005,-0.082115211
79089,6/30/2005,0.063231871
79089,7/29/2005,0.048017625
79089,8/31/2005,-0.075662091
79089,9/30/2005,-0.172805786
79089,10/31/2005,-0.139087439
79089,11/30/2005,0.27330783
79089,12/30/2005,0.078736193
79089,1/31/2006,0.101348221
79089,2/28/2006,-0.281553388
79089,3/31/2006,0.091656841
79089,4/28/2006,-0.124865428
79089,5/31/2006,0.121156171
79089,6/30/2006,-0.012067982
79089,7/31/2006,0.008328685
79089,8/31/2006,0.036343604
79089,9/29/2006,0.144527167
79089,10/31/2006,0.013927541
79089,11/30/2006,-0.037545774
79089,12/29/2006,0.07421501
79089,1/31/2007,-0.003100075
79089,2/28/2007,0.195912912
79089,3/30/2007,-0.016716225
79089,4/30/2007,0.064223677
79089,5/31/2007,0.107916184
79089,6/29/2007,-0.055110522
79089,7/31/2007,-0.133604631
79089,8/31/2007,0.311545968
79089,9/28/2007,0.114891149
79089,10/31/2007,0.005353339
79089,11/30/2007,0.153887078
79089,12/31/2007,-0.0313798
79089,1/31/2008,-0.190566942
79089,2/29/2008,-0.052972317
79089,3/31/2008,-0.050963312
79089,4/30/2008,0.171905696
79089,5/30/2008,-0.113998368
79089,6/30/2008,-0.083254479
79089,7/31/2008,-0.078775339
79089,8/29/2008,0.117251657
79089,9/30/2008,-0.056483977
79089,10/31/2008,-0.357066959
79089,11/28/2008,-0.162534431
79089,12/31/2008,0.098684274
79089,1/30/2009,-0.308982074
79089,2/27/2009,0.093587518
79089,3/31/2009,0.244057044
79089,4/30/2009,0.284076452
79089,5/29/2009,0.10813494
79089,6/30/2009,0.077887185
79089,7/31/2009,0.093853831
79089,8/31/2009,-0.036446508
79089,9/30/2009,0.120961457
79089,10/30/2009,-0.060456984
79089,11/30/2009,0.154133961
79089,12/31/2009,0.087844439
79089,1/29/2010,-0.027115608
79089,2/26/2010,0.110260285
79089,3/31/2010,0.041103493
79089,4/30/2010,0.032326374
79089,5/28/2010,-0.037474312
79089,6/30/2010,-0.074666649
79089,7/30/2010,0.141210303
79089,8/31/2010,0.199242517
79089,9/30/2010,0.13265948
79089,10/29/2010,0.096672259
79089,11/30/2010,0.146804541
79089,12/31/2010,0.041832991
79089,1/31/2011,0.008087396
79089,2/28/2011,0.080084369
79089,3/31/2011,0.220354497
79089,4/29/2011,0.022744231
79089,5/31/2011,0.10503234
79089,6/30/2011,0.112244949
79089,7/29/2011,0.067533106
79089,8/31/2011,-0.231240541
79089,9/30/2011,-0.160956457
79089,10/31/2011,0.278805912
79089,11/30/2011,-0.135732263
79089,12/30/2011,-0.114186808
79089,1/31/2012,0.197706684
79089,2/29/2012,0.283324569
79089,3/30/2012,0.081980586
79089,4/30/2012,-0.009925728
79089,5/31/2012,-0.440116286
79089,6/29/2012,0.046200071
79089,7/31/2012,-0.063365541
79089,8/31/2012,0.184962958
79089,9/28/2012,-0.002942908
79089,10/31/2012,0.02833532
79089,11/30/2012,-0.007577452
79089,12/31/2012,0.077047616
79089,1/31/2013,0.134049445
79089,2/28/2013,-0.026614938
79089,3/28/2013,-0.060036961
79089,4/30/2013,0.015735034
79089,5/31/2013,0.082348086
79089,6/28/2013,-0.0272128
79089,7/31/2013,0.063788638
79089,8/30/2013,0.056778871
79089,9/30/2013,0.000861017
79089,10/31/2013,0.09205097
79089,11/29/2013,0.002599608
79089,12/31/2013,-0.057594046
79089,1/31/2014,-0.067617148
79089,2/28/2014,0.02754182
79089,3/31/2014,0.014446054
79089,4/30/2014,-0.085099064
79089,5/30/2014,-0.017721513
79089,6/30/2014,-0.002291003
79089,7/31/2014,-0.062380377
79089,8/29/2014,0.033571437
79089,9/30/2014,-0.072958827
79089,10/31/2014,0.082641132
79089,11/28/2014,0.098957278
79089,12/31/2014,-0.00877196
79089,1/30/2015,-0.116850235
79089,2/27/2015,-0.120552152
79089,3/31/2015,-0.041390594
79089,4/30/2015,0.018556779
79089,5/29/2015,-0.154441535
79089,6/30/2015,-0.023236185
79089,7/31/2015,-0.008794704
79089,8/31/2015,-0.10429088
79089,9/30/2015,-0.092562526
79089,10/30/2015,-0.026306393
79089,11/30/2015,-0.292960823
79089,12/31/2015,-0.049649071
79089,1/29/2016,-0.108315177
79089,2/29/2016,0.438957125
79089,3/31/2016,-0.053080402
79089,4/29/2016,-0.088248499
79089,5/31/2016,-0.311851829
79089,6/30/2016,0.023681372
79089,7/29/2016,0.107606016
79089,8/31/2016,-0.09620256
79089,9/30/2016,-0.027661031
79089,10/31/2016,-0.018005041
79089,11/30/2016,0.225522459
79089,12/30/2016,-0.226211786
79089,1/31/2017,-0.011214266
79089,2/28/2017,-0.260461479
79089,3/31/2017,-0.077207781
79089,4/28/2017,-0.011461361
79089,5/31/2017,-0.375652134
79089,6/30/2017,-0.038997222
79089,7/31/2017,0.086956479
79089,8/31/2017,-0.263111115
79089,9/29/2017,0.125452355
79089,10/31/2017,-0.155412629
79089,11/30/2017,-0.101522863
79089,12/29/2017,0.09745764
79089,1/31/2018,0.024453033
79089,2/28/2018,0.680904508
79089,3/29/2018,-0.050822146
79089,4/30/2018,0.177165359
79089,5/31/2018,0.463545114
79089,6/29/2018,0.228062242
79089,7/31/2018,-0.024934873
79089,8/31/2018,-0.134732842
79089,9/28/2018,0.026907835
79089,10/31/2018,-0.067439929
79089,11/30/2018,-0.109626867
79089,12/31/2018,-0.186239034
83148,1/31/2000,-0.116666667
83148,2/29/2000,-0.113207549
83148,3/31/2000,0.148936167
83148,4/28/2000,-0.09259259
83148,5/31/2000,-0.142857149
83148,6/30/2000,0.035714287
83148,7/31/2000,-0.126436785
83148,8/31/2000,0.25
83148,9/29/2000,-0.063157894
83148,10/31/2000,-0.202247187
83148,11/30/2000,-0.169014081
83148,12/29/2000,-0.237288132
83148,1/31/2001,0.333333343
83148,2/28/2001,0.06666667
83148,3/30/2001,-0.09375
83148,4/30/2001,0.020689668
83148,5/31/2001,0.075675666
83148,6/29/2001,-0.020100484
83148,7/31/2001,0.315051198
83148,8/31/2001,-0.130383879
83148,9/28/2001,-0.114349775
83148,10/31/2001,-0.022784848
83148,11/30/2001,-0.150259048
83148,12/31/2001,0.143292695
83148,1/31/2002,-0.013333321
83148,2/28/2002,-0.013513501
83148,3/28/2002,0.013698617
83148,4/30/2002,0.027027002
83148,5/31/2002,0.107894763
83148,6/28/2002,-0.102137782
83148,7/31/2002,-0.130158693
83148,8/30/2002,-0.340419739
83148,9/30/2002,0.000599482
83148,10/31/2002,-0.00460829
83148,11/29/2002,-0.166666716
83148,12/31/2002,0.111111142
83148,1/31/2003,0.450000048
83148,2/28/2003,-0.068965532
83148,3/31/2003,0.0185185
83148,4/30/2003,0.072727293
83148,5/30/2003,0.125423685
83148,6/30/2003,0.099397644
83148,7/31/2003,-0.082191832
83148,8/29/2003,0.152835846
83148,9/30/2003,0.009839489
83148,10/31/2003,0.243333295
83148,11/28/2003,0.340482593
83148,12/31/2003,0.013846178
83148,1/30/2004,-0.009104695
83148,2/27/2004,0.228177667
83148,3/31/2004,0.076059803
83148,4/30/2004,-0.269988388
83148,5/28/2004,0.120634876
83148,6/30/2004,-0.031161444
83148,7/30/2004,-0.181286588
83148,8/31/2004,-0.151785702
83148,9/30/2004,0.578947365
83148,10/29/2004,-0.085333318
83148,11/30/2004,-0.078717194
83148,12/31/2004,0.082278475
83148,1/31/2005,-0.010233943
83148,2/28/2005,0.017725242
83148,3/31/2005,0.056603823
83148,4/29/2005,-0.120879136
83148,5/31/2005,-0.062500015
83148,6/30/2005,0.081666626
83148,7/29/2005,-0.061633226
83148,8/31/2005,0.073891595
83148,9/30/2005,0.117737003
83148,10/31/2005,-0.071135432
83148,11/30/2005,0.085419722
83148,12/30/2005,0.051560394
83148,1/31/2006,-0.166451603
83148,2/28/2006,0.122291014
83148,3/31/2006,0.100689657
83148,4/28/2006,0.096491225
83148,5/31/2006,-0.018285697
83148,6/30/2006,0.076833509
83148,7/31/2006,0.047567524
83148,8/31/2006,0.045407694
83148,9/29/2006,0.066140182
83148,10/31/2006,-0.124074087
83148,11/30/2006,0.012684978
83148,12/29/2006,0.123173311
83148,1/31/2007,0.138475806
83148,2/28/2007,0.092244908
83148,3/30/2007,0.059790745
83148,4/30/2007,-0.103667155
83148,5/31/2007,0.070015751
83148,6/29/2007,-0.014698683
83148,7/31/2007,-0.141044736
83148,8/31/2007,0.172893107
83148,9/28/2007,0.145185187
83148,10/31/2007,-0.038809858
83148,11/30/2007,-0.11574693
83148,12/31/2007,0.019786855
83148,1/31/2008,-0.304477602
83148,2/29/2008,0.006437813
83148,3/31/2008,-0.101279296
83148,4/30/2008,-0.037959743
83148,5/30/2008,-0.012330386
83148,6/30/2008,-0.192259729
83148,7/31/2008,0.372488469
83148,8/29/2008,0.057432458
83148,9/30/2008,-0.127795607
83148,10/31/2008,0.141636252
83148,11/28/2008,-0.257754028
83148,12/31/2008,-0.051873218
83148,1/30/2009,-0.164133728
83148,2/27/2009,-0.134545416
83148,3/31/2009,0.170168042
83148,4/30/2009,0.213644534
83148,5/29/2009,0.002958577
83148,6/30/2009,0.00147489
83148,7/31/2009,-0.06921941
83148,8/31/2009,-0.033227853
83148,9/30/2009,0.047463167
83148,10/30/2009,0.021874979
83148,11/30/2009,-0.039755315
83148,12/31/2009,-0.006369496
83148,1/29/2010,0.017628226
83148,2/26/2010,-0.045669287
83148,3/31/2010,0.094059438
83148,4/30/2010,-0.075414777
83148,5/28/2010,0.009787919
83148,6/30/2010,-0.048465297
83148,7/30/2010,0.09507639
83148,8/31/2010,-0.147286803
83148,9/30/2010,0.12909092
83148,10/29/2010,0.012882436
83148,11/30/2010,-0.004769433
83148,12/31/2010,-0.044728465
83148,1/31/2011,0.046822779
83148,2/28/2011,-0.017571906
83148,3/31/2011,0.056910552
83148,4/29/2011,-0.00307692
83148,5/31/2011,-0.114197567
83148,6/30/2011,0.149825811
83148,7/29/2011,-0.063636377
83148,8/31/2011,-0.037216831
83148,9/30/2011,-0.105882294
83148,10/31/2011,0.167293206
83148,11/30/2011,-0.04186799
83148,12/30/2011,-0.072268881
83148,1/31/2012,0.092391349
83148,2/29/2012,0.044776116
83148,3/30/2012,0.036507938
83148,4/30/2012,-0.013782565
83148,5/31/2012,0.135093153
83148,6/29/2012,0.170998693
83148,7/31/2012,-0.066588856
83148,8/31/2012,0.226533219
83148,9/28/2012,0.168367311
83148,10/31/2012,-0.055021845
83148,11/30/2012,-0.070240229
83148,12/31/2012,-0.054671984
83148,1/31/2013,0.240799144
83148,2/28/2013,-0.066949151
83148,3/28/2013,0.314259768
83148,4/30/2013,-0.07325504
83148,5/31/2013,0.046979874
83148,6/28/2013,-0.059116803
83148,7/31/2013,0.142316431
83148,8/30/2013,-0.125248536
83148,9/30/2013,-0.075757578
83148,10/31/2013,-0.040163916
83148,11/29/2013,0.00256189
83148,12/31/2013,0.032367982
83148,1/31/2014,-0.113036297
83148,2/28/2014,-0.052093063
83148,3/31/2014,0.095191397
83148,4/30/2014,0.062724002
83148,5/30/2014,0.012647604
83148,6/30/2014,0.039966654
83148,7/31/2014,-0.022417914
83148,8/29/2014,0.075348079
83148,9/30/2014,-0.067022093
83148,10/31/2014,0.027755115
83148,11/28/2014,0.043685481
83148,12/31/2014,0.050989348
83148,1/30/2015,-0.075307742
83148,2/27/2015,0.093187124
83148,3/31/2015,-0.000716349
83148,4/30/2015,0.018638009
83148,5/29/2015,0.005629833
83148,6/30/2015,0.009797085
83148,7/31/2015,-0.07484407
83148,8/31/2015,-0.003745333
83148,9/30/2015,-0.122556396
83148,10/30/2015,0.053984586
83148,11/30/2015,0.041463431
83148,12/31/2015,-0.07650277
83148,1/29/2016,0.016906155
83148,2/29/2016,-0.161263481
83148,3/31/2016,0.040634274
83148,4/29/2016,0.071428575
83148,5/31/2016,0.029333327
83148,6/30/2016,-0.070811719
83148,7/29/2016,0.06877321
83148,8/31/2016,0.126956522
83148,9/30/2016,0.034722209
83148,10/31/2016,-0.011931383
83148,11/30/2016,0.079245299
83148,12/30/2016,-0.034965035
83148,1/31/2017,-0.086956508
83148,2/28/2017,0
83148,3/31/2017,-0.047619078
83148,4/28/2017,0.145833328
83148,5/31/2017,0.018181818
83148,6/30/2017,0.060714312
83148,7/31/2017,-0.171717182
83148,8/31/2017,0.056910552
83148,9/29/2017,-0.003846169
83148,10/31/2017,0.023166038
83148,11/30/2017,-0.056603774
83148,12/29/2017,0.00800003
83148,1/31/2018,0.043650731
83148,2/28/2018,-0.011406816
83148,3/29/2018,0.003846169
83148,4/30/2018,0.019157087
83148,5/31/2018,0.060150389
83148,6/29/2018,0.056737535
83148,7/31/2018,-0.060402662
83148,8/31/2018,-0.039285727
83148,9/28/2018,0.070631959
83148,10/31/2018,-0.049305558
83148,11/30/2018,0.12563917
83148,12/31/2018,-0.231667727
85459,1/31/2000,0.023584906
85459,2/29/2000,0.253456235
85459,3/31/2000,-0.268039227
85459,4/28/2000,0.342281878
85459,5/31/2000,-0.10125
85459,6/30/2000,0.103310153
85459,7/31/2000,0.288194448
85459,8/31/2000,-0.071796127
85459,9/29/2000,-0.046430834
85459,10/31/2000,-0.029664541
85459,11/30/2000,0.035428572
85459,12/29/2000,0.112141281
85459,1/31/2001,-0.047713719
85459,2/28/2001,-0.002087683
85459,3/30/2001,-0.082008369
85459,4/30/2001,-0.011506869
85459,5/31/2001,0.103104249
85459,6/29/2001,-0.063986629
85459,7/31/2001,0.102545738
85459,8/31/2001,0.011056916
85459,9/28/2001,-0.066902578
85459,10/31/2001,-0.075621501
85459,11/30/2001,0.03810237
85459,12/31/2001,0.042641237
85459,1/31/2002,0.073145419
85459,2/28/2002,-0.062197883
85459,3/28/2002,0.156700969
85459,4/30/2002,-0.063392833
85459,5/31/2002,0.076580927
85459,6/28/2002,-0.00855969
85459,7/31/2002,-0.10527882
85459,8/30/2002,-0.08033333
85459,9/30/2002,-0.018484946
85459,10/31/2002,0.094374508
85459,11/29/2002,0.033479869
85459,12/31/2002,0.023560252
85459,1/31/2003,-0.101923086
85459,2/28/2003,0.096002802
85459,3/31/2003,0.067404814
85459,4/30/2003,0.125076458
85459,5/30/2003,0.01277514
85459,6/30/2003,-0.046698868
85459,7/31/2003,0.041760713
85459,8/29/2003,0.026814781
85459,9/30/2003,-0.015299389
85459,10/31/2003,0.056375798
85459,11/28/2003,0.000762455
85459,12/31/2003,-0.034281392
85459,1/30/2004,0
85459,2/27/2004,0.04484307
85459,3/31/2004,0.050744746
85459,4/30/2004,-0.011084315
85459,5/28/2004,0.013157917
85459,6/30/2004,0.105339058
85459,7/30/2004,-0.046029683
85459,8/31/2004,-0.024239684
85459,9/30/2004,0.089993
85459,10/29/2004,0.162750572
85459,11/30/2004,-0.003522407
85459,12/31/2004,0.035720941
85459,1/31/2005,-0.072406344
85459,2/28/2005,0.064077653
85459,3/31/2005,-0.056934316
85459,4/29/2005,0.001358426
85459,5/31/2005,0.107945733
85459,6/30/2005,0.020640243
85459,7/29/2005,0.075085893
85459,8/31/2005,-0.013105317
85459,9/30/2005,0.040971614
85459,10/31/2005,0.099641345
85459,11/30/2005,0.148610383
85459,12/30/2005,-0.082469165
85459,1/31/2006,0.092627607
85459,2/28/2006,0.107760772
85459,3/31/2006,0.098170467
85459,4/28/2006,-0.096557379
85459,5/31/2006,-0.006989799
85459,6/30/2006,0.213215217
85459,7/31/2006,-0.141088188
85459,8/31/2006,0.000873764
85459,9/29/2006,-0.024225183
85459,10/31/2006,-0.063705698
85459,11/30/2006,0.054384202
85459,12/29/2006,-0.066802979
85459,1/31/2007,0.301051646
85459,2/28/2007,-0.042105295
85459,3/30/2007,-0.053571425
85459,4/30/2007,0.112591051
85459,5/31/2007,0.013468036
85459,6/29/2007,-0.02731635
85459,7/31/2007,-0.073686197
85459,8/31/2007,0.008016431
85459,9/28/2007,0.110725939
85459,10/31/2007,-0.080493696
85459,11/30/2007,0.032652266
85459,12/31/2007,0.054122206
85459,1/31/2008,0.026238026
85459,2/29/2008,-0.085884057
85459,3/31/2008,0.075832203
85459,4/30/2008,0.152205855
85459,5/30/2008,0.029036371
85459,6/30/2008,-0.146356583
85459,7/31/2008,-0.12107949
85459,8/29/2008,0.081120327
85459,9/30/2008,-0.017846892
85459,10/31/2008,0.016091047
85459,11/28/2008,-0.013518674
85459,12/31/2008,0.082028128
85459,1/30/2009,-0.164455742
85459,2/27/2009,-0.100043468
85459,3/31/2009,0.108023189
85459,4/30/2009,0.165533856
85459,5/29/2009,-0.04401806
85459,6/30/2009,0.030893385
85459,7/31/2009,0.045637529
85459,8/31/2009,0.031725649
85459,9/30/2009,0.03075012
85459,10/30/2009,-0.045714274
85459,11/30/2009,0.011613126
85459,12/31/2009,0.057937212
85459,1/29/2010,-0.035756826
85459,2/26/2010,-0.058272984
85459,3/31/2010,0.051940683
85459,4/30/2010,0.080035836
85459,5/28/2010,-0.036637917
85459,6/30/2010,-0.037859246
85459,7/30/2010,0.171397716
85459,8/31/2010,-0.003220845
85459,9/30/2010,0.079704575
85459,10/29/2010,0.008009228
85459,11/30/2010,0.04582854
85459,12/31/2010,0.091846474
85459,1/31/2011,-0.038658261
85459,2/28/2011,-0.060967665
85459,3/31/2011,0.028042518
85459,4/29/2011,0.081613429
85459,5/31/2011,0.000498889
85459,6/30/2011,-0.013587695
85459,7/29/2011,-0.082825966
85459,8/31/2011,-0.021020573
85459,9/30/2011,-0.028794309
85459,10/31/2011,0.014020725
85459,11/30/2011,-0.01325073
85459,12/30/2011,0.023354206
85459,1/31/2012,-0.013470944
85459,2/29/2012,-0.03399184
85459,3/30/2012,-0.010276565
85459,4/30/2012,-0.087799609
85459,5/31/2012,-0.01925014
85459,6/29/2012,0.004634405
85459,7/31/2012,-0.097044259
85459,8/31/2012,0.071144789
85459,9/28/2012,0.040628884
85459,10/31/2012,0.029532256
85459,11/30/2012,0.023710832
85459,12/31/2012,0.029640419
85459,1/31/2013,0.046346098
85459,2/28/2013,-0.132728666
85459,3/28/2013,0.042791978
85459,4/30/2013,-0.001177257
85459,5/31/2013,-0.045293797
85459,6/28/2013,-0.000705457
85459,7/31/2013,0.058781698
85459,8/30/2013,-0.04612546
85459,9/30/2013,0.053982791
85459,10/31/2013,0.002517226
85459,11/29/2013,-0.018245734
85459,12/31/2013,0.000852463
85459,1/31/2014,0.003256254
85459,2/28/2014,-0.114110015
85459,3/31/2014,0.016968738
85459,4/30/2014,0.124260396
85459,5/30/2014,0.016298795
85459,6/30/2014,0.071500175
85459,7/31/2014,0.0575325
85459,8/29/2014,0.011858924
85459,9/30/2014,-0.023293326
85459,10/31/2014,0.043576591
85459,11/28/2014,0.065452956
85459,12/31/2014,0.020748597
85459,1/30/2015,-0.049005184
85459,2/27/2015,0.043246303
85459,3/31/2015,-0.00942129
85459,4/30/2015,-0.120595492
85459,5/29/2015,-0.041310761
85459,6/30/2015,0.01684756
85459,7/31/2015,0.124378942
85459,8/31/2015,-0.038774073
85459,9/30/2015,0.010826019
85459,10/30/2015,0.023605762
85459,11/30/2015,-0.028106039
85459,12/31/2015,-0.073854364
85459,1/29/2016,0.044340473
85459,2/29/2016,0.078122675
85459,3/31/2016,0.069168001
85459,4/29/2016,-0.043917581
85459,5/31/2016,0.056502778
85459,6/30/2016,-0.004001111
85459,7/29/2016,-0.062356867
85459,8/31/2016,0.003303583
85459,9/30/2016,0.014981287
85459,10/31/2016,-0.033210281
85459,11/30/2016,0.098796174
85459,12/30/2016,-0.015230413
85459,1/31/2017,0.038219973
85459,2/28/2017,0.05666586
85459,3/31/2017,-0.032723676
85459,4/28/2017,-0.059386775
85459,5/31/2017,-0.072076961
85459,6/30/2017,0.024921626
85459,7/31/2017,-0.044845689
85459,8/31/2017,0.083536565
85459,9/29/2017,0.077445865
85459,10/31/2017,0.031931672
85459,11/30/2017,0.103400014
85459,12/29/2017,0.033467915
85459,1/31/2018,0.026602345
85459,2/28/2018,0.020774126
85459,3/29/2018,0.008676076
85459,4/30/2018,-0.017927652
85459,5/31/2018,-0.049657706
85459,6/29/2018,-0.038390763
85459,7/31/2018,0.102438435
85459,8/31/2018,0.04174345
85459,9/28/2018,0.023938347
85459,10/31/2018,-0.090788394
85459,11/30/2018,0.037066191
85459,12/31/2018,-0.083829798
86091,1/31/2000,-0.054054055
86091,2/29/2000,-0.014285714
86091,3/31/2000,-0.008695652
86091,4/28/2000,0.066176474
86091,5/31/2000,-0.020689655
86091,6/30/2000,-0.064788729
86091,7/31/2000,-0.015151516
86091,8/31/2000,-0.039999999
86091,9/29/2000,0.120967738
86091,10/31/2000,-0.021582734
86091,11/30/2000,-0.017941222
86091,12/29/2000,0.079365082
86091,1/31/2001,0.029411765
86091,2/28/2001,0.050000001
86091,3/30/2001,0.013333333
86091,4/30/2001,-0.014054067
86091,5/31/2001,0.091008767
86091,6/29/2001,0.05527636
86091,7/31/2001,0.00478929
86091,8/31/2001,0.211630121
86091,9/28/2001,0.016798403
86091,10/31/2001,0.008979564
86091,11/30/2001,0.000809105
86091,12/31/2001,0.020325202
86091,1/31/2002,0.002390417
86091,2/28/2002,0.073131964
86091,3/28/2002,0.012592621
86091,4/30/2002,0.094117627
86091,5/31/2002,0.07594087
86091,6/28/2002,0.004247326
86091,7/31/2002,-0.073680229
86091,8/30/2002,0.08805088
86091,9/30/2002,-0.011780063
86091,10/31/2002,-0.08807946
86091,11/29/2002,0.028395018
86091,12/31/2002,0.053267945
86091,1/31/2003,0.078325443
86091,2/28/2003,0.098309368
86091,3/31/2003,-0.077537082
86091,4/30/2003,0.042857174
86091,5/30/2003,0.041095808
86091,6/30/2003,0.021739196
86091,7/31/2003,0.012373414
86091,8/29/2003,-0.011111153
86091,9/30/2003,-0.004550524
86091,10/31/2003,0.028009493
86091,11/28/2003,0.002898507
86091,12/31/2003,0.075144559
86091,1/30/2004,0.000540553
86091,2/27/2004,0.047541823
86091,3/31/2004,-0.033006694
86091,4/30/2004,-0.01286862
86091,5/28/2004,-0.008147725
86091,6/30/2004,0.155531198
86091,7/30/2004,-0.050952367
86091,8/31/2004,0.019192111
86091,9/30/2004,0.057662368
86091,10/29/2004,-0.012278978
86091,11/30/2004,0.250124305
86091,12/31/2004,-0.086330928
86091,1/31/2005,-0.048993912
86091,2/28/2005,0.0211592
86091,3/31/2005,-0.009369441
86091,4/29/2005,-0.057581611
86091,5/31/2005,0.005600815
86091,6/30/2005,0.043788221
86091,7/29/2005,0.0187805
86091,8/31/2005,-0.031841017
86091,9/30/2005,-0.054699171
86091,10/31/2005,0.029458152
86091,11/30/2005,0.029126242
86091,12/30/2005,0.009495279
86091,1/31/2006,0.023762353
86091,2/28/2006,-0.027562847
86091,3/31/2006,0.061735351
86091,4/28/2006,-0.009886251
86091,5/31/2006,-0.017973101
86091,6/30/2006,0.141104311
86091,7/31/2006,0.122311808
86091,8/31/2006,0.00239524
86091,9/29/2006,0.067600019
86091,10/31/2006,-0.028100412
86091,11/30/2006,0.005011556
86091,12/29/2006,-0.007713103
86091,1/31/2007,-0.071511865
86091,2/28/2007,-0.015069013
86091,3/30/2007,-0.021674493
86091,4/30/2007,-0.028808374
86091,5/31/2007,0.025460657
86091,6/29/2007,0.005090176
86091,7/31/2007,-0.11187838
86091,8/31/2007,0.100051805
86091,9/28/2007,0.04691942
86091,10/31/2007,0.002716137
86091,11/30/2007,-0.128668174
86091,12/31/2007,0.068407282
86091,1/31/2008,0.013196504
86091,2/29/2008,0.001929615
86091,3/31/2008,0.164660528
86091,4/30/2008,0.052617297
86091,5/30/2008,-0.087443009
86091,6/30/2008,-0.15760617
86091,7/31/2008,0.075379573
86091,8/29/2008,0.104891583
86091,9/30/2008,0.15862073
86091,10/31/2008,-0.044047642
86091,11/28/2008,-0.068493158
86091,12/31/2008,0.056179777
86091,1/30/2009,-0.190638274
86091,2/27/2009,-0.084121995
86091,3/31/2009,0.092422478
86091,4/30/2009,0.183333263
86091,5/29/2009,0.082629152
86091,6/30/2009,-0.002181468
86091,7/31/2009,-0.010056906
86091,8/31/2009,-0.038869195
86091,9/30/2009,0.041628104
86091,10/30/2009,-0.076820582
86091,11/30/2009,0.002404958
86091,12/31/2009,-0.042926788
86091,1/29/2010,0.014271089
86091,2/26/2010,0.006532717
86091,3/31/2010,0.085371889
86091,4/30/2010,0.050486751
86091,5/28/2010,-0.053753473
86091,6/30/2010,-0.030123487
86091,7/30/2010,-0.034623235
86091,8/31/2010,-0.037447214
86091,9/30/2010,0.044800855
86091,10/29/2010,-0.004235041
86091,11/30/2010,0.130249903
86091,12/31/2010,0.007170154
86091,1/31/2011,0.016611313
86091,2/28/2011,0.064892597
86091,3/31/2011,-0.054362115
86091,4/29/2011,0.06717287
86091,5/31/2011,-0.065287367
86091,6/30/2011,-0.015376958
86091,7/29/2011,-0.00100758
86091,8/31/2011,0.01159855
86091,9/30/2011,-0.09406434
86091,10/31/2011,0.14214322
86091,11/30/2011,0.072921775
86091,12/30/2011,-0.001383157
86091,1/31/2012,-0.013850381
86091,2/29/2012,0.006086089
86091,3/30/2012,0.037071843
86091,4/30/2012,-0.030769309
86091,5/31/2012,0.038235292
86091,6/29/2012,0.071496665
86091,7/31/2012,-0.072064012
86091,8/31/2012,0.059923261
86091,9/28/2012,-0.004564143
86091,10/31/2012,-0.064190723
86091,11/30/2012,0.051445391
86091,12/31/2012,0.00621114
86091,1/31/2013,0.003798667
86091,2/28/2013,0.020340655
86091,3/28/2013,-0.016846074
86091,4/30/2013,0.068491094
86091,5/31/2013,0.068288133
86091,6/28/2013,0.054770309
86091,7/31/2013,0.04648244
86091,8/30/2013,0.003601416
86091,9/30/2013,0.078778177
86091,10/31/2013,0.017138565
86091,11/29/2013,0.057509169
86091,12/31/2013,-0.042717062
86091,1/31/2014,-0.025237767
86091,2/28/2014,0.115947507
86091,3/31/2014,0.062648103
86091,4/30/2014,-0.07715103
86091,5/30/2014,-0.056200154
86091,6/30/2014,0.121611133
86091,7/31/2014,0.012085649
86091,8/29/2014,0.179460898
86091,9/30/2014,-0.032023247
86091,10/31/2014,0.009924867
86091,11/28/2014,-0.027695056
86091,12/31/2014,-0.105784155
86091,1/30/2015,-0.055690095
86091,2/27/2015,0.060073256
86091,3/31/2015,-0.000696571
86091,4/30/2015,-0.00013945
86091,5/29/2015,-0.008784748
86091,6/30/2015,0.088640563
86091,7/31/2015,-0.06534382
86091,8/31/2015,-0.038433339
86091,9/30/2015,0.057987645
86091,10/30/2015,-0.023593454
86091,11/30/2015,0.061338298
86091,12/31/2015,-0.149433404
86091,1/29/2016,-0.06203163
86091,2/29/2016,0.049711466
86091,3/31/2016,0.113151133
86091,4/29/2016,0.120444931
86091,5/31/2016,0.06828139
86091,6/30/2016,0.048491023
86091,7/29/2016,-0.010672702
86091,8/31/2016,0.081726
86091,9/30/2016,-0.020395683
86091,10/31/2016,0.013673046
86091,11/30/2016,0.188534722
86091,12/30/2016,-0.020795504
86091,1/31/2017,-0.093177557
86091,2/28/2017,0.038641676
86091,3/31/2017,-0.047118928
86091,4/28/2017,0.034256823
86091,5/31/2017,-0.030702781
86091,6/30/2017,0.073095739
86091,7/31/2017,-0.006010277
86091,8/31/2017,-0.051252559
86091,9/29/2017,0.11294774
86091,10/31/2017,-0.026127633
86091,11/30/2017,0.030782292
86091,12/29/2017,-0.06961327
86091,1/31/2018,0.019299332
86091,2/28/2018,-0.018933885
86091,3/29/2018,0.040119763
86091,4/30/2018,0.002590678
86091,5/31/2018,-0.010910143
86091,6/29/2018,-0.013762847
86091,7/31/2018,0.018111657
86091,8/31/2018,0.046952393
86091,9/28/2018,-0.02247189
86091,10/31/2018,-0.089655146
86091,11/30/2018,0.087436892
86091,12/31/2018,-0.069733404
89509,9/30/2002,NA
89509,10/31/2002,NA
89509,11/29/2002,-0.04905659
89509,12/31/2002,0.183862418
89509,1/31/2003,0.043575458
89509,2/28/2003,0.064239763
89509,3/31/2003,-0.021629699
89509,4/30/2003,0.01285347
89509,5/30/2003,0.104060873
89509,6/30/2003,0.091954023
89509,7/31/2003,-0.153263137
89509,8/29/2003,0.081551433
89509,9/30/2003,-0.098850556
89509,10/31/2003,0.043367367
89509,11/28/2003,0.13056235
89509,12/31/2003,0.154411748
89509,1/30/2004,-0.011614888
89509,2/27/2004,0.053828664
89509,3/31/2004,0.039568361
89509,4/30/2004,-0.045328703
89509,5/28/2004,0.021747023
89509,6/30/2004,0.072366051
89509,7/30/2004,0.07608334
89509,8/31/2004,-0.079926178
89509,9/30/2004,0.167390525
89509,10/29/2004,0.026903333
89509,11/30/2004,0.1198439
89509,12/31/2004,-0.056744616
89509,1/31/2005,-0.043535657
89509,2/28/2005,0.121930987
89509,3/31/2005,-0.041062165
89509,4/29/2005,-0.089743592
89509,5/31/2005,0.060000028
89509,6/30/2005,0.03401538
89509,7/29/2005,0.077871978
89509,8/31/2005,0.019074943
89509,9/30/2005,0.060598973
89509,10/31/2005,-0.133906975
89509,11/30/2005,-0.008914888
89509,12/30/2005,0.105371334
89509,1/31/2006,0.05928861
89509,2/28/2006,-0.062774397
89509,3/31/2006,0.014064662
89509,4/28/2006,-0.007165917
89509,5/31/2006,-0.054714769
89509,6/30/2006,0.060157754
89509,7/31/2006,-0.050465073
89509,8/31/2006,-0.06098463
89509,9/29/2006,-0.081201062
89509,10/31/2006,0.023586299
89509,11/30/2006,0.04525264
89509,12/29/2006,-0.029513443
89509,1/31/2007,0.026849303
89509,2/28/2007,-0.069103554
89509,3/30/2007,0.062266916
89509,4/30/2007,0.0642896
89509,5/31/2007,0.067766428
89509,6/29/2007,-0.062336404
89509,7/31/2007,-0.039583895
89509,8/31/2007,-0.052840084
89509,9/28/2007,0.040212192
89509,10/31/2007,0.087516733
89509,11/30/2007,-0.045420818
89509,12/31/2007,0.100957744
89509,1/31/2008,-0.040441982
89509,2/29/2008,0.292820364
89509,3/31/2008,0.038709693
89509,4/30/2008,0.138107374
89509,5/30/2008,0.094703056
89509,6/30/2008,0.022453753
89509,7/31/2008,-0.252045333
89509,8/29/2008,0.066973716
89509,9/30/2008,-0.119373441
89509,10/31/2008,-0.172766328
89509,11/28/2008,-0.297330648
89509,12/31/2008,-0.056045122
89509,1/30/2009,-0.072442137
89509,2/27/2009,-0.206521764
89509,3/31/2009,-0.064631067
89509,4/30/2009,0.463547379
89509,5/29/2009,0.214869872
89509,6/30/2009,-0.131207809
89509,7/31/2009,0.262526423
89509,8/31/2009,0.09278933
89509,9/30/2009,0.109631114
89509,10/30/2009,-0.096029542
89509,11/30/2009,0.197650671
89509,12/31/2009,0.130871072
89509,1/29/2010,-0.070983611
89509,2/26/2010,0.21560657
89509,3/31/2010,-0.006358723
89509,4/30/2010,0.146513984
89509,5/28/2010,0.080493554
89509,6/30/2010,-0.025857396
89509,7/30/2010,-0.037859723
89509,8/31/2010,-0.048932835
89509,9/30/2010,0.011617275
89509,10/29/2010,0.159715921
89509,11/30/2010,0.050423466
89509,12/31/2010,0.099205337
89509,1/31/2011,0.176211432
89509,2/28/2011,0.116008841
89509,3/31/2011,-0.00766382
89509,4/29/2011,-0.040350586
89509,5/31/2011,-0.131657436
89509,6/30/2011,-0.062649868
89509,7/29/2011,-0.020017743
89509,8/31/2011,-0.192124441
89509,9/30/2011,-0.216486096
89509,10/31/2011,0.149012551
89509,11/30/2011,0.049687527
89509,12/30/2011,-0.07722123
89509,1/31/2012,-0.056865919
89509,2/29/2012,0.383521706
89509,3/30/2012,-0.064460106
89509,4/30/2012,-0.0842719
89509,5/31/2012,-0.227463469
89509,6/29/2012,0.03472871
89509,7/31/2012,0.028483303
89509,8/31/2012,0.011289477
89509,9/28/2012,0.023422481
89509,10/31/2012,-0.023398787
89509,11/30/2012,0.053515192
89509,12/31/2012,-0.039753817
89509,1/31/2013,0.106183976
89509,2/28/2013,0.055903491
89509,3/28/2013,0.120784506
89509,4/30/2013,-0.029957609
89509,5/31/2013,-0.039628327
89509,6/28/2013,-0.0734246
89509,7/31/2013,0.176027119
89509,8/30/2013,0.098390646
89509,9/30/2013,0.150220796
89509,10/31/2013,0.092842288
89509,11/29/2013,-0.100901723
89509,12/31/2013,0.109219722
89509,1/31/2014,-0.066056624
89509,2/28/2014,0.182384104
89509,3/31/2014,0.029383818
89509,4/30/2014,8.40E-05
89509,5/30/2014,0.085376106
89509,6/30/2014,0.110973448
89509,7/31/2014,-0.03094941
89509,8/29/2014,0.045317214
89509,9/30/2014,-0.128341168
89509,10/31/2014,-0.101635985
89509,11/28/2014,-0.075305723
89509,12/31/2014,0.010004793
89509,1/30/2015,-0.026415123
89509,2/27/2015,0.06434112
89509,3/31/2015,0.049325272
89509,4/30/2015,0.080893263
89509,5/29/2015,-0.07017684
89509,6/30/2015,-0.045017786
89509,7/31/2015,-0.05611454
89509,8/31/2015,0.062908173
89509,9/30/2015,-0.072663099
89509,10/30/2015,0.152029604
89509,11/30/2015,0.009486694
89509,12/31/2015,-0.249033779
89509,1/29/2016,0.040501263
89509,2/29/2016,-0.094731197
89509,3/31/2016,0.157562748
89509,4/29/2016,0.119358495
89509,5/31/2016,0.068699501
89509,6/30/2016,0.026143799
89509,7/29/2016,0.005866552
89509,8/31/2016,0.101982974
89509,9/30/2016,0.016568335
89509,10/31/2016,-0.03899673
89509,11/30/2016,0.068380699
89509,12/30/2016,-0.014360392
89509,1/31/2017,-0.005077169
89509,2/28/2017,-0.069595478
89509,3/31/2017,-0.04955459
89509,4/28/2017,-0.023516592
89509,5/31/2017,-0.077476881
89509,6/30/2017,-0.12597616
89509,7/31/2017,0.053398538
89509,8/31/2017,0.00747252
89509,9/29/2017,0.141037166
89509,10/31/2017,0.028679529
89509,11/30/2017,-0.00632857
89509,12/29/2017,0.050813895
89509,1/31/2018,-0.080403283
89509,2/28/2018,-0.14286989
89509,3/29/2018,-0.026953861
89509,4/30/2018,0.075828835
89509,5/31/2018,-0.074659497
89509,6/29/2018,0.09492036
89509,7/31/2018,-0.03086298
89509,8/31/2018,-0.141582102
89509,9/28/2018,0.100142032
89509,10/31/2018,-0.144932225
89509,11/30/2018,0.033849277
89509,12/31/2018,-0.24798733
90029,1/30/2004,NA
90029,2/27/2004,NA
90029,3/31/2004,-0.097619012
90029,4/30/2004,-0.079155661
90029,5/28/2004,0.332378238
90029,6/30/2004,-0.283870995
90029,7/30/2004,-0.246246234
90029,8/31/2004,-0.085657336
90029,9/30/2004,0.185185164
90029,10/29/2004,-0.04779416
90029,11/30/2004,0.364864945
90029,12/31/2004,0.131541699
90029,1/31/2005,-0.096249998
90029,2/28/2005,-0.157676324
90029,3/31/2005,-0.233169138
90029,4/29/2005,-0.143468961
90029,5/31/2005,-0.014999986
90029,6/30/2005,0.218274146
90029,7/29/2005,0.104166664
90029,8/31/2005,0.273584872
90029,9/30/2005,-0.007407436
90029,10/31/2005,-0.114925377
90029,11/30/2005,-0.244519368
90029,12/30/2005,-0.060267854
90029,1/31/2006,0.28978616
90029,2/28/2006,0.112338886
90029,3/31/2006,-0.001655588
90029,4/28/2006,-0.044776116
90029,5/31/2006,-0.267361164
90029,6/30/2006,-0.016587606
90029,7/31/2006,-0.036144599
90029,8/31/2006,-0.002499998
90029,9/29/2006,0.080200486
90029,10/31/2006,0.431554556
90029,11/30/2006,0.52188009
90029,12/29/2006,-0.02236422
90029,1/31/2007,-0.338779956
90029,2/28/2007,-0.176276788
90029,3/30/2007,0.088000014
90029,4/30/2007,-0.112132378
90029,5/31/2007,0.031055922
90029,6/29/2007,-0.166666657
90029,7/31/2007,-0.036144599
90029,8/31/2007,-0.004999995
90029,9/28/2007,0.077889435
90029,10/31/2007,0.165501177
90029,11/30/2007,-0.085999966
90029,12/31/2007,0.118161909
90029,1/31/2008,0.109589025
90029,2/29/2008,0.097001709
90029,3/31/2008,-0.684887469
90029,4/30/2008,-0.005102036
90029,5/30/2008,-0.169230789
90029,6/30/2008,-0.09876541
90029,7/31/2008,0.116438322
90029,8/29/2008,0.006134964
90029,9/30/2008,-0.134146363
90029,10/31/2008,-0.78873235
90029,11/28/2008,-0.200333387
90029,12/31/2008,2.501458883
90029,1/30/2009,-0.249999985
90029,2/27/2009,-0.079365097
90029,3/31/2009,0.103448287
90029,4/30/2009,0.73437506
90029,5/29/2009,0.288288236
90029,6/30/2009,-0.097902089
90029,7/31/2009,0.418604732
90029,8/31/2009,-0.016393492
90029,9/30/2009,0.011111167
90029,10/30/2009,-0.318681329
90029,11/30/2009,0.072580673
90029,12/31/2009,0.067669109
90029,1/29/2010,0.028169071
90029,2/26/2010,0
90029,3/31/2010,-0.1095891
90029,4/30/2010,0.192307696
90029,5/28/2010,0.187096834
90029,6/30/2010,0.010869554
90029,7/30/2010,0.188172057
90029,8/31/2010,-0.26696834
90029,9/30/2010,0.129629657
90029,10/29/2010,-0.005464476
90029,11/30/2010,0.098901071
90029,12/31/2010,0.600000024
90029,1/31/2011,-0.062500015
90029,2/28/2011,-0.00333333
90029,3/31/2011,-0.07692308
90029,4/29/2011,0.00724637
90029,5/31/2011,-0.007194238
90029,6/30/2011,-0.003623185
90029,7/29/2011,0.018181801
90029,8/31/2011,-0.14285709
90029,9/30/2011,-0.225000024
90029,10/31/2011,0.456989259
90029,11/30/2011,0.147601426
90029,12/30/2011,0.067524128
90029,1/31/2012,0.048192799
90029,2/29/2012,0.206896484
90029,3/30/2012,0.197619155
90029,4/30/2012,-0.007952373
90029,5/31/2012,-0.244488955
90029,6/29/2012,0.145888641
90029,7/31/2012,-0.106481545
90029,8/31/2012,0.012953417
90029,9/28/2012,0.217391342
90029,10/31/2012,-0.130252168
90029,11/30/2012,-0.314009666
90029,12/31/2012,0.003521123
90029,1/31/2013,0.08421053
90029,2/28/2013,-0.339805812
90029,3/28/2013,0.088235326
90029,4/30/2013,0.058558501
90029,5/31/2013,0.110638298
90029,6/28/2013,-0.578544021
90029,7/31/2013,0.209090918
90029,8/30/2013,-0.045112826
90029,9/30/2013,-0.062992066
90029,10/31/2013,0.025210058
90029,11/29/2013,0.450819612
90029,12/31/2013,0.107344665
90029,1/31/2014,-0.112244911
90029,2/28/2014,0.068965517
90029,3/31/2014,-0.028225811
90029,4/30/2014,-0.098201938
90029,5/30/2014,-0.116564378
90029,6/30/2014,0.111111082
90029,7/31/2014,-0.075000003
90029,8/29/2014,-0.040540583
90029,9/30/2014,0.007042247
90029,10/31/2014,0.146853179
90029,11/28/2014,-0.093902238
90029,12/31/2014,0.134589568
90029,1/30/2015,0.014234861
90029,2/27/2015,0.029239766
90029,3/31/2015,0.274431795
90029,4/30/2015,-0.10321001
90029,5/29/2015,0.131991088
90029,6/30/2015,0.028765867
90029,7/31/2015,0.255496293
90029,8/31/2015,-0.035702117
90029,9/30/2015,-0.134696737
90029,10/30/2015,-0.074572198
90029,11/30/2015,0.228093371
90029,12/31/2015,-0.13373968
90029,1/29/2016,-0.002897338
90029,2/29/2016,-0.330842644
90029,3/31/2016,0.193548307
90029,4/29/2016,-0.147089392
90029,5/31/2016,0.01096894
90029,6/30/2016,-0.121157333
90029,7/29/2016,0.058299065
90029,8/31/2016,0.014905998
90029,9/30/2016,-0.330140501
90029,10/31/2016,-0.118207797
90029,11/30/2016,-0.53513509
90029,12/30/2016,-0.08139538
90029,1/31/2017,0.037974648
90029,2/28/2017,0.097561002
90029,3/31/2017,0.322222173
90029,4/28/2017,-0.067226827
90029,5/31/2017,-0.009009043
90029,6/30/2017,0.754545391
90029,7/31/2017,0.642487168
90029,8/31/2017,0.13249214
90029,9/29/2017,0.197771534
90029,10/31/2017,0.023255814
90029,11/30/2017,-0.090909094
90029,12/29/2017,-0.06499996
90029,1/31/2018,-0.139037445
90029,2/28/2018,0.003105543
90029,3/29/2018,0.229102224
90029,4/30/2018,-0.146095693
90029,5/31/2018,-0.067846641
90029,6/29/2018,-0.034810137
90029,7/31/2018,-0.114754096
90029,8/31/2018,0.025925955
90029,9/28/2018,-0.104693197
90029,10/31/2018,-0.202419296
90029,11/30/2018,0.142568231
90029,12/31/2018,-0.190265536
91421,7/31/2006,NA
91421,8/31/2006,NA
91421,9/29/2006,0.096096151
91421,10/31/2006,-0.013698682
91421,11/30/2006,0.083333388
91421,12/29/2006,0.056410201
91421,1/31/2007,-0.038859222
91421,2/28/2007,-0.030278539
91421,3/30/2007,0.054687575
91421,4/30/2007,0.214814782
91421,5/31/2007,0.002012214
91421,6/29/2007,-0.026349414
91421,7/31/2007,0.020833313
91421,8/31/2007,-0.124469385
91421,9/28/2007,0.149157301
91421,10/31/2007,0.152129829
91421,11/30/2007,-0.075704195
91421,12/31/2007,0.009523846
91421,1/31/2008,0.083018787
91421,2/29/2008,0.006968718
91421,3/31/2008,-0.10207615
91421,4/30/2008,0.020231217
91421,5/30/2008,-0.034938611
91421,6/30/2008,-0.037182007
91421,7/31/2008,-0.186991885
91421,8/29/2008,-0.017499983
91421,9/30/2008,-0.165394425
91421,10/31/2008,-0.396341443
91421,11/28/2008,-0.040404063
91421,12/31/2008,-0.210526302
91421,1/30/2009,-0.13333337
91421,2/27/2009,-0.046153802
91421,3/31/2009,0.02822578
91421,4/30/2009,-0.129411742
91421,5/29/2009,0.900900781
91421,6/30/2009,-0.099526033
91421,7/31/2009,0.052631591
91421,8/31/2009,-0.225000024
91421,9/30/2009,0.270967811
91421,10/30/2009,-0.035533022
91421,11/30/2009,0.073684201
91421,12/31/2009,0.127450973
91421,1/29/2010,0.008695644
91421,2/26/2010,-0.051724091
91421,3/31/2010,-0.068181857
91421,4/30/2010,0.268292665
91421,5/28/2010,-0.073076859
91421,6/30/2010,-0.109958544
91421,7/30/2010,-0.109510489
91421,8/31/2010,0.047065608
91421,9/30/2010,0.159950018
91421,10/29/2010,-0.043062203
91421,11/30/2010,0.076576613
91421,12/31/2010,0.518828452
91421,1/31/2011,-0.035812702
91421,2/28/2011,0.128571436
91421,3/31/2011,-0.091139272
91421,4/29/2011,-0.250696331
91421,5/31/2011,0.152416304
91421,6/30/2011,-0.080645166
91421,7/29/2011,-0.014035075
91421,8/31/2011,-0.170818523
91421,9/30/2011,-0.261802524
91421,10/31/2011,0.029069738
91421,11/30/2011,-0.158192083
91421,12/30/2011,-0.040268499
91421,1/31/2012,0.097902171
91421,2/29/2012,-0.101910882
91421,3/30/2012,-0.02134751
91421,4/30/2012,-0.063555337
91421,5/31/2012,-0.22612597
91421,6/29/2012,0.320000052
91421,7/31/2012,-0.060606092
91421,8/31/2012,0.013064473
91421,9/28/2012,0.4726955
91421,10/31/2012,-0.135135129
91421,11/30/2012,-0.018749982
91421,12/31/2012,0.070063628
91421,1/31/2013,0.047619075
91421,2/28/2013,-0.119318202
91421,3/28/2013,0.032258112
91421,4/30/2013,-0.243749991
91421,5/31/2013,-0.024793463
91421,6/28/2013,-0.237288117
91421,7/31/2013,0.047555566
91421,8/30/2013,0.092490442
91421,9/30/2013,-0.160194144
91421,10/31/2013,0.028901706
91421,11/29/2013,-0.042134792
91421,12/31/2013,-0.002932549
91421,1/31/2014,0.152823493
91421,2/28/2014,0.591999114
91421,3/31/2014,-0.185897425
91421,4/30/2014,-0.165354356
91421,5/30/2014,0.132075578
91421,6/30/2014,0.100000001
91421,7/31/2014,0.181818098
91421,8/29/2014,-0.038461503
91421,9/30/2014,-0.199999973
91421,10/31/2014,-0.158333376
91421,11/28/2014,-0.049504962
91421,12/31/2014,-0.041666627
91421,1/30/2015,-0.097826123
91421,2/27/2015,0.025301239
91421,3/31/2015,-0.118918896
91421,4/30/2015,0.000133312
91421,5/29/2015,-0.066542201
91421,6/30/2015,-0.099999994
91421,7/31/2015,-0.206349194
91421,8/31/2015,0.019999981
91421,9/30/2015,-0.117647067
91421,10/30/2015,0.1113334
91421,11/30/2015,-0.000199993
91421,12/31/2015,-0.012000024
91421,1/29/2016,-0.109311722
91421,2/29/2016,0.213636324
91421,3/31/2016,-0.119850159
91421,4/29/2016,0.127659515
91421,5/31/2016,-0.188679188
91421,6/30/2016,0.210465103
91421,7/29/2016,0.460134447
91421,8/31/2016,-0.026315765
91421,9/30/2016,-0.108108081
91421,10/31/2016,-0.030303091
91421,11/30/2016,0.203125
91421,12/30/2016,-0.194805175
91421,1/31/2017,0.114193559
91421,2/28/2017,0.056745812
91421,3/31/2017,0.123287633
91421,4/28/2017,-0.060975626
91421,5/31/2017,-0.090909086
91421,6/30/2017,-0.042857103
91421,7/31/2017,0.076417871
91421,8/31/2017,-0.029395454
91421,9/29/2017,-0.014285701
91421,10/31/2017,-0.101449266
91421,11/30/2017,0.016129017
91421,12/29/2017,-0.04349209
91421,1/31/2018,-0.020909401
91421,2/28/2018,-0.101694927
91421,3/29/2018,-0.121509358
91421,4/30/2018,-0.140893489
91421,5/31/2018,0.054999962
91421,6/29/2018,0.020142203
91421,7/31/2018,-0.094076693
91421,8/31/2018,-0.030256389
91421,9/28/2018,-0.073506065
91421,10/31/2018,-0.115296796
91421,11/30/2018,-0.019677415
91421,12/31/2018,-0.235603824
