,Mkt-RF,RF,Month,RM,GROSS-RM,GROSS-RF,CumRet-RM,CumRet-RF
509,-0.0394,0.0043,1968-12-01,-0.0351,1.0,1.0,1.0,1.0
510,-0.0125,0.0053,1969-01-01,-0.007200000000000001,0.9928,1.0053,0.9928,1.0053
511,-0.0584,0.0046,1969-02-01,-0.0538,0.9462,1.0046,0.93938736,1.00992438
512,0.0264,0.0046,1969-03-01,0.031,1.031,1.0046,0.96850836816,1.0145700321479998
513,0.0146,0.0053,1969-04-01,0.0199,1.0199,1.0053,0.9877816846863839,1.0199472533183842
514,-0.001,0.0048,1969-05-01,0.0037999999999999996,1.0038,1.0048,0.9915352550881922,1.0248430001343123
515,-0.0718,0.0051,1969-06-01,-0.06670000000000001,0.9333,1.0051,0.9253998535738098,1.0300696994349974
516,-0.07,0.0053,1969-07-01,-0.06470000000000001,0.9353,1.0053,0.8655264830475844,1.035529068842003
517,0.0468,0.005,1969-08-01,0.0518,1.0518,1.005,0.9103607548694493,1.0407067141862127
518,-0.0298,0.0062,1969-09-01,-0.0236,0.9764,1.0062,0.8888762410545303,1.0471590958141672
519,0.0506,0.006,1969-10-01,0.0566,1.0566,1.006,0.9391866362982167,1.0534420503890523
520,-0.0379,0.0052,1969-11-01,-0.03270000000000001,0.9673,1.0052,0.9084752332912651,1.0589199490510754
521,-0.0263,0.0064,1969-12-01,-0.0199,0.9801,1.0064,0.8903965761487689,1.0656970367250023
522,-0.081,0.006,1970-01-01,-0.075,0.925,1.006,0.8236168329376112,1.0720912189453522
523,0.0513,0.0062,1970-02-01,0.057499999999999996,1.0575,1.0062,0.870974800831524,1.0787381845028134
524,-0.0106,0.005699999999999999,1970-03-01,-0.004900000000000001,0.9951,1.0057,0.8667070243074495,1.0848869921544795
525,-0.11,0.005,1970-04-01,-0.105,0.895,1.005,0.7757027867551674,1.0903114271152519
526,-0.0692,0.0053,1970-05-01,-0.0639,0.9361,1.0053,0.7261353786815122,1.0960900776789628
527,-0.0579,0.0058,1970-06-01,-0.0521,0.9479,1.0058,0.6883037254522054,1.1024474001295008
528,0.0693,0.0052,1970-07-01,0.0745,1.0745,1.0052,0.7395823529983947,1.1081801266101743
529,0.0449,0.0053,1970-08-01,0.0502,1.0502,1.0053,0.7767093871189141,1.1140534812812084
530,0.0418,0.0054,1970-09-01,0.0472,1.0472,1.0054,0.8133700701909268,1.120069370080127
531,-0.0228,0.0046,1970-10-01,-0.0182,0.9818,1.0046,0.7985667349134519,1.1252216891824955
532,0.0459,0.0046,1970-11-01,0.0505,1.0505,1.0046,0.8388943550265812,1.130397708952735
533,0.0572,0.0042,1970-12-01,0.0614,1.0614,1.0042,0.8904024684252132,1.1351453793303365
534,0.0484,0.0038,1971-01-01,0.052199999999999996,1.0522,1.0038,0.9368814772770093,1.1394589317717918
535,0.0141,0.0033,1971-02-01,0.0174,1.0174,1.0033,0.9531832149816294,1.1432191462466388
536,0.0413,0.003,1971-03-01,0.044300000000000006,1.0443,1.003,0.9954092314053156,1.1466488036853786
537,0.0315,0.0028000000000000004,1971-04-01,0.0343,1.0343,1.0028,1.029551768042518,1.1498594203356975
538,-0.0398,0.0029,1971-05-01,-0.0369,0.9631,1.0029,0.991561307801749,1.153194012654671
539,-0.001,0.0037,1971-06-01,0.0027,1.0027,1.0037,0.9942385233328137,1.1574608305014933
540,-0.045,0.004,1971-07-01,-0.040999999999999995,0.959,1.004,0.9534747438761683,1.1620906738234993
541,0.0379,0.004699999999999999,1971-08-01,0.0426,1.0426,1.0047,0.994092767965293,1.1675524999904696
542,-0.0085,0.0037,1971-09-01,-0.0048000000000000004,0.9952,1.0037,0.9893211226790596,1.1718724442404345
543,-0.0442,0.0037,1971-10-01,-0.0405,0.9595,1.0037,0.9492536172105577,1.1762083722841241
544,-0.0046,0.0037,1971-11-01,-0.0008999999999999998,0.9991,1.0037,0.9483992889550682,1.1805603432615754
545,0.08710000000000001,0.0037,1971-12-01,0.0908,1.0908,1.0037,1.0345139443921885,1.1849284165316434
546,0.0249,0.0029,1972-01-01,0.0278,1.0278,1.0029,1.0632734320462913,1.188364708939585
547,0.0287,0.0025,1972-02-01,0.0312,1.0312,1.0025,1.0964475631261354,1.1913356207119339
548,0.0063,0.0027,1972-03-01,0.009000000000000001,1.009,1.0027,1.1063155911942706,1.1945522268878561
549,0.0029,0.0029,1972-04-01,0.0058,1.0058,1.0029,1.1127322216231974,1.1980164283458308
550,0.0125,0.003,1972-05-01,0.0155,1.0155,1.003,1.1299795710583571,1.201610477630868
551,-0.0243,0.0029,1972-06-01,-0.0214,0.9786,1.0029,1.1057980082377084,1.2050951480159975
552,-0.008,0.0031,1972-07-01,-0.0049,0.9951,1.0031,1.1003795979973436,1.2088309429748472
553,0.0326,0.0029,1972-08-01,0.0355,1.0355,1.0029,1.1394430737262495,1.212336552709474
554,-0.0114,0.0034,1972-09-01,-0.008,0.992,1.0034,1.1303275291364396,1.2164584969886862
555,0.0052,0.004,1972-10-01,0.0092,1.0092,1.004,1.140726542404495,1.221324330976641
556,0.046,0.0037,1972-11-01,0.0497,1.0497,1.0037,1.1974206515619985,1.2258432310012546
557,0.0062,0.0037,1972-12-01,0.009899999999999999,1.0099,1.0037,1.2092751160124624,1.2303788509559592
558,-0.0329,0.0044,1973-01-01,-0.028499999999999998,0.9715,1.0044,1.1748107752061072,1.2357925179001654
559,-0.0485,0.0041,1973-02-01,-0.0444,0.9556,1.0041,1.122649176786956,1.240859267223556
560,-0.013,0.0046,1973-03-01,-0.0084,0.9916,1.0046,1.1132189237019456,1.2465672198527844
561,-0.0568,0.0052,1973-04-01,-0.05160000000000001,0.9484,1.0052,1.0557768272389252,1.253049369396019
562,-0.0294,0.0051,1973-05-01,-0.0243,0.9757,1.0051,1.0301214503370193,1.2594399211799387
563,-0.0156,0.0051,1973-06-01,-0.010499999999999999,0.9895,1.0051,1.0193051751084807,1.2658630647779565
564,0.0505,0.0064,1973-07-01,0.056900000000000006,1.0569,1.0064,1.0773036395721531,1.2739645883925355
565,-0.0382,0.006999999999999999,1973-08-01,-0.0312,0.9688,1.007,1.043691766017502,1.282882340511283
566,0.0475,0.0068000000000000005,1973-09-01,0.0543,1.0543,1.0068,1.1003642289122524,1.2916059404267597
567,-0.0083,0.006500000000000001,1973-10-01,-0.0017999999999999995,0.9982,1.0065,1.0983835733002103,1.3000013790395335
568,-0.1275,0.005600000000000001,1973-11-01,-0.12190000000000001,0.8781,1.0056,0.9644906157149147,1.3072813867621549
569,0.0061,0.0064,1973-12-01,0.0125,1.0125,1.0064,0.976546748411351,1.3156479876374325
570,-0.0017,0.0063,1974-01-01,0.0046,1.0046,1.0063,0.9810388634540432,1.3239365699595482
571,-0.004699999999999999,0.0058,1974-02-01,0.0011000000000000003,1.0011,1.0058,0.9821180062038428,1.3316154020653137
572,-0.0281,0.005600000000000001,1974-03-01,-0.0225,0.9775,1.0056,0.9600203510642564,1.3390724483168794
573,-0.0529,0.0075,1974-04-01,-0.0454,0.9546,1.0075,0.9164354271259392,1.349115491679256
574,-0.0468,0.0075,1974-05-01,-0.0393,0.9607,1.0075,0.8804195148398898,1.3592338578668506
575,-0.0283,0.006,1974-06-01,-0.0223,0.9777,1.006,0.8607861596589602,1.3673892610140517
576,-0.0805,0.006999999999999999,1974-07-01,-0.07350000000000001,0.9265,1.007,0.7975183769240266,1.3769609858411498
577,-0.0935,0.006,1974-08-01,-0.0875,0.9125,1.006,0.7277355189431742,1.3852227517561968
578,-0.1177,0.008100000000000001,1974-09-01,-0.1096,0.8904,1.0081,0.6479757060670023,1.396443056045422
579,0.161,0.0051,1974-10-01,0.1661,1.1661,1.0051,0.7556044708447313,1.4035649156312537
580,-0.0451,0.0054,1974-11-01,-0.0397,0.9603,1.0054,0.7256069733521955,1.4111441661756625
581,-0.0345,0.006999999999999999,1974-12-01,-0.027500000000000004,0.9725,1.007,0.7056527815850101,1.421022175338892
582,0.1366,0.0058,1975-01-01,0.1424,1.1424,1.0058,0.8061377376827156,1.4292641039558578
583,0.0556,0.0043,1975-02-01,0.059899999999999995,1.0599,1.0043,0.8544253881699103,1.435409939602868
584,0.0266,0.0041,1975-03-01,0.030699999999999998,1.0307,1.0041,0.8806562475867266,1.4412951203552395
585,0.0423,0.0044,1975-04-01,0.0467,1.0467,1.0044,0.9217828943490266,1.4476368188848026
586,0.0519,0.0044,1975-05-01,0.0563,1.0563,1.0044,0.9736792713008768,1.4540064208878956
587,0.0483,0.0041,1975-06-01,0.0524,1.0524,1.0041,1.0247000651170428,1.459967847213536
588,-0.0659,0.0048,1975-07-01,-0.0611,0.9389,1.0048,0.9620908911383914,1.466975692880161
589,-0.0285,0.0048,1975-08-01,-0.023700000000000002,0.9763,1.0048,0.9392893370184114,1.4740171762059855
590,-0.0426,0.0053,1975-09-01,-0.0373,0.9627,1.0053,0.9042538447476247,1.4818294672398773
591,0.0531,0.005600000000000001,1975-10-01,0.0587,1.0587,1.0056,0.9573335454343103,1.4901277122564207
592,0.0264,0.0041,1975-11-01,0.0305,1.0305,1.0041,0.9865322185700567,1.496237235876672
593,-0.016,0.0048,1975-12-01,-0.011200000000000002,0.9888,1.0048,0.9754830577220721,1.5034191746088799
594,0.1216,0.004699999999999999,1976-01-01,0.1263,1.1263,1.0047,1.0986865679123698,1.5104852447295414
595,0.0032,0.0034,1976-02-01,0.0066,1.0066,1.0034,1.1059378992605915,1.5156208945616219
596,0.0232,0.004,1976-03-01,0.0272,1.0272,1.004,1.1360194101204795,1.5216833781398684
597,-0.0149,0.0042,1976-04-01,-0.010700000000000001,0.9893,1.0042,1.1238640024321902,1.528074448328056
598,-0.0134,0.0037,1976-05-01,-0.0097,0.9903,1.0037,1.1129625216085979,1.5337283237868697
599,0.0405,0.0043,1976-06-01,0.0448,1.0448,1.0043,1.162823242576663,1.5403233555791533
600,-0.0107,0.004699999999999999,1976-07-01,-0.006,0.994,1.0047,1.155846303121203,1.5475628753503752
601,-0.005600000000000001,0.0042,1976-08-01,-0.001400000000000001,0.9986,1.0042,1.1542281182968332,1.5540626394268466
602,0.0207,0.0044,1976-09-01,0.0251,1.0251,1.0044,1.1831992440660837,1.5609005150403248
603,-0.0242,0.0041,1976-10-01,-0.0201,0.9799,1.0041,1.1594169392603555,1.5673002071519901
604,0.0036,0.004,1976-11-01,0.0076,1.0076,1.004,1.1682285079987342,1.5735694079805982
605,0.0565,0.004,1976-12-01,0.0605,1.0605,1.004,1.2389063327326577,1.5798636856125206
606,-0.0405,0.0036,1977-01-01,-0.0369,0.9631,1.0036,1.1931906890548225,1.5855511948807257
607,-0.0194,0.0035,1977-02-01,-0.0159,0.9841,1.0035,1.1742189570988508,1.5911006240628083
608,-0.0137,0.0038,1977-03-01,-0.0099,0.9901,1.0038,1.1625941894235723,1.597146806434247
609,0.0015,0.0038,1977-04-01,0.0053,1.0053,1.0038,1.1687559386275173,1.6032159642986972
610,-0.0145,0.0037,1977-05-01,-0.0108,0.9892,1.0037,1.15613337449034,1.6091478633666023
611,0.0471,0.004,1977-06-01,0.051100000000000007,1.0511,1.004,1.2152117899267962,1.6155844548200686
612,-0.0169,0.0042,1977-07-01,-0.0127,0.9873,1.0042,1.199778600194726,1.6223699095303128
613,-0.0175,0.0044,1977-08-01,-0.0131,0.9869,1.0044,1.184061500532175,1.629508337132246
614,-0.0027,0.0043,1977-09-01,0.0015999999999999999,1.0016,1.0043,1.1859559989330266,1.6365152229819147
615,-0.0438,0.0049,1977-10-01,-0.0389,0.9611,1.0049,1.1398223105745318,1.6445341475745259
616,0.04,0.005,1977-11-01,0.045,1.045,1.005,1.1911143145503855,1.6527568183123984
617,0.0027,0.0049,1977-12-01,0.0076,1.0076,1.0049,1.2001667833409686,1.660855326722129
618,-0.0601,0.0049,1978-01-01,-0.0552,0.9448,1.0049,1.1339175769005472,1.6689935178230673
619,-0.0138,0.0046,1978-02-01,-0.0092,0.9908,1.0046,1.1234855351930622,1.6766708880050534
620,0.0285,0.0053,1978-03-01,0.033800000000000004,1.0338,1.0053,1.1614593462825877,1.6855572437114803
621,0.0788,0.0054,1978-04-01,0.0842,1.0842,1.0054,1.2592542232395816,1.6946592528275224
622,0.0176,0.0051,1978-05-01,0.0227,1.0227,1.0051,1.28783929410712,1.703302015016943
623,-0.0169,0.0054,1978-06-01,-0.011499999999999998,0.9885,1.0054,1.273029142224888,1.7124998458980345
624,0.051100000000000007,0.005600000000000001,1978-07-01,0.05670000000000001,1.0567,1.0056,1.3452098945890392,1.7220898450350637
625,0.0375,0.005600000000000001,1978-08-01,0.0431,1.0431,1.0056,1.4031884410458266,1.7317335481672602
626,-0.0143,0.0062,1978-09-01,-0.0081,0.9919,1.0062,1.3918226146733554,1.742470296165897
627,-0.1191,0.0068000000000000005,1978-10-01,-0.1123,0.8877,1.0068,1.2355209350455376,1.754319094179825
628,0.0271,0.006999999999999999,1978-11-01,0.0341,1.0341,1.007,1.2776521989305905,1.7665993278390837
629,0.0088,0.0078,1978-12-01,0.0166,1.0166,1.0078,1.2988612254328382,1.7803788025962286
630,0.0423,0.0077,1979-01-01,0.049999999999999996,1.05,1.0077,1.3638042867044802,1.7940877193762197
631,-0.0356,0.0073,1979-02-01,-0.0283,0.9717,1.0073,1.3252086253907434,1.8071845597276663
632,0.0568,0.008100000000000001,1979-03-01,0.0649,1.0649,1.0081,1.4112146651786026,1.8218227546614605
633,-0.0006,0.008,1979-04-01,0.0074,1.0074,1.008,1.4216576537009245,1.8363973366987523
634,-0.0221,0.008199999999999999,1979-05-01,-0.013900000000000003,0.9861,1.0082,1.4018966123144816,1.851455794859682
635,0.0385,0.008100000000000001,1979-06-01,0.0466,1.0466,1.0081,1.4672249944483364,1.8664525867980453
636,0.008199999999999999,0.0077,1979-07-01,0.015899999999999997,1.0159,1.0077,1.490553871860065,1.8808242717163903
637,0.0553,0.0077,1979-08-01,0.063,1.063,1.0077,1.584458765787249,1.8953066186086067
638,-0.008199999999999999,0.0083,1979-09-01,0.00010000000000000113,1.0001,1.0083,1.5846172116638277,1.9110376635430582
639,-0.081,0.0087,1979-10-01,-0.0723,0.9277,1.0087,1.470049387260533,1.9276636912158827
640,0.0521,0.0099,1979-11-01,0.062,1.062,1.0099,1.5611924492706861,1.9467475617589198
641,0.0179,0.0095,1979-12-01,0.0274,1.0274,1.0095,1.603969122380703,1.9652416635956298
642,0.0551,0.008,1980-01-01,0.0631,1.0631,1.008,1.7051795740029254,1.9809635969043948
643,-0.0122,0.0089,1980-02-01,-0.003300000000000001,0.9967,1.0089,1.6995524814087157,1.9985941729168437
644,-0.129,0.0121,1980-03-01,-0.1169,0.8831,1.0121,1.5008747963320368,2.0227771624091377
645,0.0397,0.0126,1980-04-01,0.0523,1.0523,1.0126,1.5793705481802023,2.048264154655493
646,0.0526,0.008100000000000001,1980-05-01,0.060700000000000004,1.0607,1.0081,1.6752383404547406,2.0648550943082022
647,0.0306,0.0061,1980-06-01,0.036699999999999997,1.0367,1.0061,1.7367195875494295,2.077450710383482
648,0.0649,0.0053,1980-07-01,0.0702,1.0702,1.0053,1.8586373025953995,2.0884611991485147
649,0.018000000000000002,0.0064,1980-08-01,0.0244,1.0244,1.0064,1.9039880527787272,2.101827350823065
650,0.0219,0.0075,1980-09-01,0.0294,1.0294,1.0075,1.959965301530422,2.117591055954238
651,0.0106,0.0095,1980-10-01,0.0201,1.0201,1.0095,1.9993606040911833,2.1377081709858037
652,0.0959,0.0096,1980-11-01,0.1055,1.1055,1.0096,2.210293147822803,2.1582301694272674
653,-0.0452,0.0131,1980-12-01,-0.0321,0.9679,1.0131000000000001,2.139342737777691,2.186502984646765
654,-0.0504,0.0104,1981-01-01,-0.04,0.96,1.0104,2.0537690282665833,2.2092426156870912
655,0.005699999999999999,0.0107,1981-02-01,0.016399999999999998,1.0164,1.0107,2.0874508403301553,2.2328815116749428
656,0.0356,0.0121,1981-03-01,0.0477,1.0477,1.0121,2.1870222454139037,2.2598993779662098
657,-0.0211,0.0108,1981-04-01,-0.0103,0.9897,1.0108,2.1644959162861404,2.2843062912482446
658,0.0011,0.0115,1981-05-01,0.0126,1.0126,1.0115,2.1917685648313454,2.3105758135975996
659,-0.0236,0.013500000000000002,1981-06-01,-0.010099999999999998,0.9899,1.0135,2.169631702326549,2.3417685870811673
660,-0.0154,0.0124,1981-07-01,-0.003000000000000001,0.997,1.0124,2.163122807219569,2.3708065175609736
661,-0.0704,0.0128,1981-08-01,-0.057600000000000005,0.9424,1.0128,2.038526933523722,2.401152840985754
662,-0.0717,0.0124,1981-09-01,-0.0593,0.9407,1.0124,1.9176422863657652,2.4309271362139775
663,0.0492,0.0121,1981-10-01,0.0613,1.0613,1.0121,2.0351937585199864,2.4603413545621664
664,0.0336,0.0107,1981-11-01,0.0443,1.0443,1.0107,2.125352842022422,2.4866670070559813
665,-0.0365,0.0087,1981-12-01,-0.0278,0.9722,1.0087,2.0662680330141985,2.508301010017368
666,-0.032400000000000005,0.008,1982-01-01,-0.024400000000000005,0.9756,1.008,2.015851093008652,2.528367418097507
667,-0.05860000000000001,0.0092,1982-02-01,-0.04940000000000001,0.9506,1.0092,1.9162680490140245,2.5516283983440045
668,-0.0187,0.0098,1982-03-01,-0.008900000000000002,0.9911,1.0098,1.8992132633777996,2.5766343566477756
669,0.0327,0.0113,1982-04-01,0.044,1.044,1.0113,1.9827786469664228,2.6057503248778957
670,-0.039900000000000005,0.0106,1982-05-01,-0.029300000000000007,0.9707,1.0106,1.9246832326103067,2.6333712783216012
671,-0.0309,0.0096,1982-06-01,-0.0213,0.9787,1.0096,1.8836874797557073,2.6586516425934885
672,-0.0319,0.0105,1982-07-01,-0.021399999999999995,0.9786,1.0105,1.843376567688935,2.68656748484072
673,0.1114,0.0076,1982-08-01,0.119,1.119,1.0076,2.0627383792439185,2.70698539772551
674,0.0129,0.0051,1982-09-01,0.018000000000000002,1.018,1.0051,2.099867670070309,2.72079102325391
675,0.113,0.0059,1982-10-01,0.1189,1.1189,1.0059,2.349541936041669,2.736843690291108
676,0.0467,0.0063,1982-11-01,0.053,1.053,1.0063,2.4740676586518773,2.754085805539942
677,0.0055000000000000005,0.0067,1982-12-01,0.0122,1.0122,1.0067,2.50425128408743,2.7725381804370595
678,0.036000000000000004,0.0069,1983-01-01,0.04290000000000001,1.0429,1.0069,2.6116836641747807,2.791668693882075
679,0.0259,0.0062,1983-02-01,0.0321,1.0321,1.0062,2.6955187097947912,2.8089770397841436
680,0.0282,0.0063,1983-03-01,0.0345,1.0345,1.0063,2.7885141052827116,2.8266735951347837
681,0.0667,0.0071,1983-04-01,0.07379999999999999,1.0738,1.0071,2.994306446252576,2.846742977660241
682,0.0052,0.0069,1983-05-01,0.0121,1.0121,1.0069,3.0305375542522324,2.8663855042060966
683,0.0307,0.0067,1983-06-01,0.0374,1.0374,1.0067,3.143879658781266,2.8855902870842773
684,-0.0407,0.0074,1983-07-01,-0.033299999999999996,0.9667,1.0074,3.03918846614385,2.906943655208701
685,-0.005,0.0076,1983-08-01,0.0026,1.0026,1.0076,3.047090356155824,2.9290364269882874
686,0.0091,0.0076,1983-09-01,0.0167,1.0167,1.0076,3.097976765103626,2.9512971038333986
687,-0.0344,0.0076,1983-10-01,-0.0268,0.9732,1.0076,3.0149509877988487,2.9737269618225324
688,0.0216,0.006999999999999999,1983-11-01,0.0286,1.0286,1.007,3.1011785860498957,2.99454305055529
689,-0.0178,0.0073,1983-12-01,-0.010499999999999999,0.9895,1.0073,3.068616210896372,3.0164032148243436
690,-0.0192,0.0076,1984-01-01,-0.0116,0.9884,1.0076,3.033020262849974,3.0393278792570086
691,-0.0482,0.0071,1984-02-01,-0.0411,0.9589,1.0071,2.90836313004684,3.060907107199734
692,0.0063,0.0073,1984-03-01,0.013600000000000001,1.0136,1.0073,2.947916868615477,3.083251729082292
693,-0.0051,0.008100000000000001,1984-04-01,0.003000000000000001,1.003,1.0081,2.956760619221323,3.1082260680878586
694,-0.0597,0.0078,1984-05-01,-0.0519,0.9480999999999999,1.0078,2.803304743083736,3.132470231418944
695,0.0182,0.0075,1984-06-01,0.0257,1.0257,1.0075,2.8753496749809884,3.1559637581545865
696,-0.0274,0.008199999999999999,1984-07-01,-0.019200000000000002,0.9808,1.0082,2.8201429612213533,3.181842660971454
697,0.1028,0.0083,1984-08-01,0.1111,1.1111,1.0083,3.1334608442130456,3.2082519550575173
698,-0.008,0.0086,1984-09-01,0.0005999999999999998,1.0006,1.0086,3.1353409207195733,3.235842921871012
699,-0.0084,0.01,1984-10-01,0.0016000000000000007,1.0016,1.01,3.1403574661927247,3.268201351089722
700,-0.0176,0.0073,1984-11-01,-0.0103,0.9897,1.0073,3.1080117842909396,3.2920592209526776
701,0.0184,0.0064,1984-12-01,0.0248,1.0248,1.0064,3.1850904765413546,3.3131283999667747
702,0.0799,0.006500000000000001,1985-01-01,0.0864,1.0864,1.0065,3.4602822937145277,3.3346637345665586
703,0.0122,0.0058,1985-02-01,0.018000000000000002,1.018,1.0058,3.522567375001389,3.354004784227045
704,-0.0084,0.0062,1985-03-01,-0.0021999999999999997,0.9978,1.0062,3.514817726776386,3.3747996138892526
705,-0.0096,0.0072,1985-04-01,-0.0023999999999999994,0.9976,1.0072,3.506382164232123,3.3990981711092556
706,0.0509,0.0066,1985-05-01,0.0575,1.0575,1.0066,3.7079991386754703,3.4215322190385766
707,0.0127,0.0055000000000000005,1985-06-01,0.0182,1.0182,1.0055,3.775484722999364,3.440350646243289
708,-0.0074,0.0062,1985-07-01,-0.0012000000000000005,0.9988,1.0062,3.7709541413317647,3.4616808202499976
709,-0.0102,0.0055000000000000005,1985-08-01,-0.0047,0.9953,1.0055,3.753230656867505,3.480720064761373
710,-0.0454,0.006,1985-09-01,-0.039400000000000004,0.9606,1.006,3.6053533689869255,3.501604385149941
711,0.040199999999999986,0.006500000000000001,1985-10-01,0.046699999999999985,1.0467,1.0065,3.773723371318615,3.5243648136534156
712,0.06480000000000001,0.0061,1985-11-01,0.0709,1.0709,1.0061,4.041280358345104,3.5458634390167014
713,0.0388,0.006500000000000001,1985-12-01,0.0453,1.0453,1.0065,4.224350358578137,3.56891155137031
714,0.006500000000000001,0.005600000000000001,1986-01-01,0.012100000000000001,1.0121,1.0056,4.275464997916933,3.5888974560579836
715,0.0713,0.0053,1986-02-01,0.0766,1.0766,1.0053,4.60296561675737,3.6079186125750913
716,0.0488,0.006,1986-03-01,0.0548,1.0548,1.006,4.855208132555673,3.629566124250542
717,-0.0131,0.0052,1986-04-01,-0.0079,0.9921,1.0052,4.816851988308484,3.648439868096645
718,0.0462,0.0049,1986-05-01,0.0511,1.0511,1.0049,5.0629931249110465,3.666317223450318
719,0.0103,0.0052,1986-06-01,0.0155,1.0155,1.0052,5.141469518347168,3.68538207301226
720,-0.0645,0.0052,1986-07-01,-0.059300000000000005,0.9407,1.0052,4.836580375909181,3.704546059791924
721,0.0607,0.0046,1986-08-01,0.0653,1.0653,1.0046,5.15240907445605,3.7215869716669667
722,-0.086,0.0045000000000000005,1986-09-01,-0.08149999999999999,0.9185,1.0045,4.732487734887882,3.738334113039468
723,0.0466,0.0046,1986-10-01,0.0512,1.0512,1.0046,4.974791106914141,3.7555304499594495
724,0.0117,0.0039,1986-11-01,0.0156,1.0156,1.0039,5.052397848182002,3.7701770187142913
725,-0.0327,0.0049,1986-12-01,-0.0278,0.9722,1.0049,4.911941188002542,3.788650886105991
726,0.1247,0.0042,1987-01-01,0.12890000000000001,1.1289,1.0042,5.54509040713607,3.804563219827636
727,0.0439,0.0043,1987-02-01,0.0482,1.0482,1.0043,5.812363764760028,3.820922841672895
728,0.016399999999999998,0.004699999999999999,1987-03-01,0.021099999999999997,1.0211,1.0047,5.935004640196464,3.8388811790287574
729,-0.0211,0.0044,1987-04-01,-0.0167,0.9833,1.0044,5.835890062705182,3.8557722562164836
730,0.0011,0.0038,1987-05-01,0.0049,1.0049,1.0038,5.864485924012437,3.8704241907901062
731,0.0394,0.0048,1987-06-01,0.044199999999999996,1.0442,1.0048,6.123696201853787,3.8890022269058986
732,0.0385,0.0046,1987-07-01,0.0431,1.0431,1.0046,6.387627508153685,3.9068916371496654
733,0.0352,0.004699999999999999,1987-08-01,0.039900000000000005,1.0399,1.0047,6.642493845729017,3.9252540278442685
734,-0.0259,0.0045000000000000005,1987-09-01,-0.0214,0.9786,1.0045,6.500344477430416,3.9429176709695675
735,-0.2324,0.006,1987-10-01,-0.2264,0.7736000000000001,1.006,5.02866648774017,3.9665751769953848
736,-0.07769999999999999,0.0035,1987-11-01,-0.07419999999999999,0.9258,1.0035,4.6555394343498495,3.980458190114869
737,0.0681,0.0039,1987-12-01,0.072,1.072,1.0039,4.990738273623039,3.9959819770563167
738,0.0421,0.0029,1988-01-01,0.045,1.045,1.0029,5.215321495936076,4.007570324789779
739,0.0475,0.0046,1988-02-01,0.0521,1.0521,1.0046,5.487039745874346,4.026005148283812
740,-0.0227,0.0044,1988-03-01,-0.0183,0.9817,1.0044,5.386626918524845,4.043719570936261
741,0.005600000000000001,0.0046,1988-04-01,0.0102,1.0102,1.0046,5.441570513093798,4.062320680962568
742,-0.0029,0.0051,1988-05-01,0.0022000000000000006,1.0022,1.0051,5.453541968222605,4.083038516435478
743,0.0479,0.0049,1988-06-01,0.0528,1.0528,1.0049,5.741488984144758,4.103045405166011
744,-0.0125,0.0051,1988-07-01,-0.0074,0.9926,1.0051,5.699001965662087,4.123970936732358
745,-0.0331,0.0059,1988-08-01,-0.0272,0.9728,1.0059,5.543989112196078,4.148302365259079
746,0.033,0.0062,1988-09-01,0.0392,1.0392,1.0062,5.761313485394163,4.174021839923685
747,0.0115,0.0061,1988-10-01,0.0176,1.0176,1.0061,5.862712602737101,4.19948337314722
748,-0.0229,0.005699999999999999,1988-11-01,-0.0172,0.9828,1.0057,5.761873945970023,4.223420428374159
749,0.0149,0.0063,1988-12-01,0.0212,1.0212,1.0063,5.8840256736245875,4.250027977072916
750,0.061,0.0055000000000000005,1989-01-01,0.0665,1.0665,1.0055,6.275313380920623,4.273403130946817
751,-0.0225,0.0061,1989-02-01,-0.016399999999999998,0.9836,1.0061,6.172398241473525,4.299470890045592
752,0.015700000000000002,0.0067,1989-03-01,0.022400000000000003,1.0224,1.0067,6.310659962082532,4.328277345008898
753,0.0433,0.0067,1989-04-01,0.049999999999999996,1.05,1.0067,6.626192960186659,4.357276803220457
754,0.0335,0.0079,1989-05-01,0.041400000000000006,1.0414,1.0079,6.900517348738387,4.391699289965898
755,-0.013500000000000002,0.0071,1989-06-01,-0.006400000000000001,0.9936,1.0071,6.856354037706462,4.422880354924657
756,0.07200000000000001,0.006999999999999999,1989-07-01,0.07900000000000001,1.079,1.007,7.3980060066852715,4.453840517409129
757,0.0144,0.0074,1989-08-01,0.0218,1.0218,1.0074,7.55928253763101,4.486798937237957
758,-0.0076,0.006500000000000001,1989-09-01,-0.0010999999999999994,0.9989,1.0065,7.550967326839617,4.515963130330003
759,-0.0367,0.0068000000000000005,1989-10-01,-0.029900000000000003,0.9701,1.0068,7.325193403767112,4.546671679616247
760,0.0103,0.0069,1989-11-01,0.0172,1.0172,1.0069,7.451186730311907,4.578043714205599
761,0.0116,0.0061,1989-12-01,0.0177,1.0177,1.0061,7.583072735438428,4.605969780862253
762,-0.0785,0.005699999999999999,1990-01-01,-0.0728,0.9272,1.0057,7.031025040298511,4.632223808613168
763,0.0111,0.005699999999999999,1990-02-01,0.0168,1.0168,1.0057,7.149146260975526,4.658627484322263
764,0.0183,0.0064,1990-03-01,0.0247,1.0247,1.0064,7.325730173621621,4.688442700221926
765,-0.0336,0.0069,1990-04-01,-0.026699999999999998,0.9733,1.0069,7.1301331779859245,4.720792954853457
766,0.0842,0.0068000000000000005,1990-05-01,0.091,1.091,1.0068,7.778975297182644,4.75289434694646
767,-0.0109,0.0063,1990-06-01,-0.0046,0.9954,1.0063,7.743192010815603,4.782837581332223
768,-0.019,0.0068000000000000005,1990-07-01,-0.012199999999999999,0.9878,1.0068,7.648725068283653,4.815360876885282
769,-0.1015,0.0066,1990-08-01,-0.09490000000000001,0.9051,1.0066,6.922861059303535,4.847142258672724
770,-0.0612,0.006,1990-09-01,-0.0552,0.9448,1.006,6.54071912882998,4.87622511222476
771,-0.0192,0.0068000000000000005,1990-10-01,-0.012399999999999998,0.9876,1.0068,6.459614211632489,4.909383442987888
772,0.0635,0.005699999999999999,1990-11-01,0.0692,1.0692,1.0057,6.906619515077456,4.937366928612919
773,0.0246,0.006,1990-12-01,0.030600000000000002,1.0306,1.006,7.117962072238826,4.966991130184597
774,0.0469,0.0052,1991-01-01,0.052099999999999994,1.0521,1.0052,7.488807896202469,4.992819484061557
775,0.0719,0.0048,1991-02-01,0.0767,1.0767,1.0048,8.063199461841199,5.016785017585052
776,0.0265,0.0044,1991-03-01,0.0309,1.0309,1.0044,8.31235232521209,5.038858871662426
777,-0.0028000000000000004,0.0053,1991-04-01,0.0024999999999999996,1.0025,1.0053,8.33313320602512,5.065564823682237
778,0.0365,0.004699999999999999,1991-05-01,0.0412,1.0412,1.0047,8.676458294113354,5.089372978353543
779,-0.049400000000000006,0.0042,1991-06-01,-0.045200000000000004,0.9548,1.0042,8.28428237921943,5.110748344862628
780,0.0424,0.0049,1991-07-01,0.0473,1.0473,1.0049,8.676128935756509,5.135791011752454
781,0.0232,0.0046,1991-08-01,0.0278,1.0278,1.0046,8.91732532017054,5.159415650406515
782,-0.0159,0.0046,1991-09-01,-0.011300000000000001,0.9887,1.0046,8.816559544052614,5.183148962398385
783,0.0129,0.0042,1991-10-01,0.0171,1.0171,1.0042,8.967322712255912,5.204918188040458
784,-0.041900000000000014,0.0039,1991-11-01,-0.03800000000000001,0.962,1.0039,8.626564449190187,5.225217368973816
785,0.1084,0.0038,1991-12-01,0.1122,1.1122,1.0038,9.594464980389327,5.245073194975916
786,-0.0059,0.0034,1992-01-01,-0.0025,0.9975,1.0034,9.570478817938355,5.262906443838834
787,0.0109,0.0028000000000000004,1992-02-01,0.0137,1.0137,1.0028,9.701594377744112,5.277642581881582
788,-0.0266,0.0034,1992-03-01,-0.0232,0.9768,1.0034,9.476517388180449,5.2955865666599795
789,0.0107,0.0032,1992-04-01,0.0139,1.0139,1.0032,9.608240979876157,5.312532443673292
790,0.003,0.0028000000000000004,1992-05-01,0.0058000000000000005,1.0058,1.0028,9.66396877755944,5.327407534515577
791,-0.0234,0.0032,1992-06-01,-0.0202,0.9798,1.0032,9.46875660825274,5.344455238626027
792,0.0377,0.0031,1992-07-01,0.040799999999999996,1.0408,1.0031,9.85508187786945,5.361023049865769
793,-0.0238,0.0026,1992-08-01,-0.021200000000000004,0.9788,1.0026,9.646154142058618,5.37496170979542
794,0.0119,0.0026,1992-09-01,0.0145,1.0145,1.0026,9.786023377118468,5.388936610240887
795,0.0102,0.0023,1992-10-01,0.0125,1.0125,1.0023,9.90834866933245,5.401331164444441
796,0.0413,0.0023,1992-11-01,0.0436,1.0436,1.0023,10.340352671315344,5.413754226122663
797,0.0153,0.0028000000000000004,1992-12-01,0.018099999999999998,1.0181,1.0028,10.527513054666152,5.428912737955806
798,0.0093,0.0023,1993-01-01,0.0116,1.0116,1.0023,10.649632206100279,5.441399237253105
799,0.0012,0.0022,1993-02-01,0.0034000000000000002,1.0034,1.0022,10.68584095560102,5.453370315575062
800,0.023,0.0025,1993-03-01,0.0255,1.0255,1.0025,10.958329899968847,5.467003741363999
801,-0.0305,0.0024,1993-04-01,-0.0281,0.9719,1.0024,10.650400829779722,5.480124550343272
802,0.0289,0.0022,1993-05-01,0.0311,1.0311,1.0022,10.98162829558587,5.492180824354027
803,0.0031,0.0025,1993-06-01,0.0056,1.0056,1.0025,11.043125414041151,5.505911276414912
804,-0.0034,0.0024,1993-07-01,-0.001,0.999,1.0024,11.03208228862711,5.519125463478307
805,0.0371,0.0025,1993-08-01,0.0396,1.0396,1.0025,11.468952747256745,5.5329232771370025
806,-0.0012,0.0026,1993-09-01,0.0014,1.0014,1.0026,11.485009281102906,5.547308877657558
807,0.0141,0.0022,1993-10-01,0.0163,1.0163,1.0022,11.672214932384883,5.559512957188405
808,-0.0189,0.0025,1993-11-01,-0.0164,0.9836,1.0025,11.480790607493772,5.573411739581376
809,0.0165,0.0023,1993-12-01,0.0188,1.0188,1.0023,11.696629470914653,5.5862305865824124
810,0.0287,0.0025,1994-01-01,0.0312,1.0312,1.0025,12.061564310407189,5.600196163048868
811,-0.0255,0.0021,1994-02-01,-0.023399999999999997,0.9766,1.0021,11.77932370554366,5.611956574991271
812,-0.0478,0.0027,1994-03-01,-0.0451,0.9549,1.0027,11.248076206423642,5.627108857743747
813,0.0068000000000000005,0.0027,1994-04-01,0.009500000000000001,1.0095,1.0027,11.354932930384667,5.642302051659654
814,0.0058,0.0031,1994-05-01,0.0089,1.0089,1.0031,11.45599183346509,5.659793188019799
815,-0.0303,0.0031,1994-06-01,-0.027200000000000002,0.9728,1.0031,11.144388855594839,5.677338546902662
816,0.0282,0.0028000000000000004,1994-07-01,0.031,1.031,1.0028,11.489864910118278,5.693235094833988
817,0.0401,0.0037,1994-08-01,0.0438,1.0438,1.0037,11.99312099318146,5.714300064684874
818,-0.0231,0.0037,1994-09-01,-0.0194,0.9806,1.0037,11.76045444591374,5.735442974924208
819,0.0134,0.0038,1994-10-01,0.0172,1.0172,1.0038,11.962734262383458,5.75723765822892
820,-0.0404,0.0037,1994-11-01,-0.036699999999999997,0.9633,1.0037,11.523701914953985,5.778539437564367
821,0.0086,0.0044,1994-12-01,0.013000000000000001,1.013,1.0044,11.673510039848386,5.80396501108965
822,0.018000000000000002,0.0042,1995-01-01,0.0222,1.0222,1.0042,11.93266196273302,5.828341664136226
823,0.0363,0.004,1995-02-01,0.0403,1.0403,1.004,12.41354823983116,5.851655030792771
824,0.0219,0.0046,1995-03-01,0.0265,1.0265,1.0046,12.742507268186685,5.878572643934417
825,0.0211,0.0044,1995-04-01,0.025500000000000002,1.0255,1.0044,13.067441203525446,5.904438363567729
826,0.029,0.0054,1995-05-01,0.0344,1.0344,1.0054,13.516961180926721,5.936322330730995
827,0.0272,0.004699999999999999,1995-06-01,0.0319,1.0319,1.0047,13.948152242598283,5.96422304568543
828,0.0372,0.0045000000000000005,1995-07-01,0.0417,1.0417,1.0045,14.529790191114632,5.991062049391014
829,0.0055000000000000005,0.004699999999999999,1995-08-01,0.0102,1.0102,1.0047,14.677994051064001,6.019220041023152
830,0.0335,0.0043,1995-09-01,0.0378,1.0378,1.0043,15.232822226194221,6.0451026871995515
831,-0.0152,0.004699999999999999,1995-10-01,-0.0105,0.9895,1.0047,15.072877592819182,6.073514669829389
832,0.0396,0.0042,1995-11-01,0.043800000000000006,1.0438,1.0042,15.733069631384664,6.099023431442672
833,0.0103,0.0049,1995-12-01,0.0152,1.0152,1.0049,15.972212289781712,6.128908646256741
834,0.0226,0.0043,1996-01-01,0.0269,1.0269,1.0043,16.40186480037684,6.155262953435645
835,0.0133,0.0039,1996-02-01,0.0172,1.0172,1.0039,16.683976874943323,6.179268478954044
836,0.0073,0.0039,1996-03-01,0.0112,1.0112,1.0039,16.870837415942688,6.203367626021965
837,0.0206,0.0046,1996-04-01,0.0252,1.0252,1.0046,17.29598251882444,6.231903117101665
838,0.0236,0.0042,1996-05-01,0.0278,1.0278,1.0042,17.77681083284776,6.258077110193492
839,-0.0114,0.004,1996-06-01,-0.0074,0.9926,1.004,17.64526243268469,6.2831094186342655
840,-0.0597,0.0045000000000000005,1996-07-01,-0.0552,0.9448,1.0045,16.671243946400494,6.311383411018119
841,0.0277,0.0041,1996-08-01,0.0318,1.0318,1.0041,17.20138950389603,6.337260083003294
842,0.0501,0.0044,1996-09-01,0.0545,1.0545,1.0044,18.138865231858365,6.365144027368508
843,0.0086,0.0042,1996-10-01,0.012799999999999999,1.0128,1.0042,18.37104270682615,6.391877632283456
844,0.0625,0.0041,1996-11-01,0.0666,1.0666,1.0041,19.59455415110077,6.418084330575818
845,-0.017,0.0046,1996-12-01,-0.012400000000000001,0.9876,1.0046,19.35158167962712,6.447607518496466
846,0.0498,0.0045000000000000005,1997-01-01,0.0543,1.0543,1.0045,20.402372564830873,6.4766217523297
847,-0.0049,0.0039,1997-02-01,-0.001,0.999,1.0039,20.381970192266042,6.501880577163785
848,-0.0502,0.0043,1997-03-01,-0.0459,0.9541,1.0043,19.44643776044103,6.529838663645589
849,0.0404,0.0043,1997-04-01,0.0447,1.0447,1.0043,20.31569352833274,6.5579169698992645
850,0.0674,0.0049,1997-05-01,0.0723,1.0723,1.0049,21.7845181704312,6.59005076305177
851,0.041,0.0037,1997-06-01,0.044700000000000004,1.0447,1.0037,22.758286132649474,6.614433950875061
852,0.0733,0.0043,1997-07-01,0.0776,1.0776,1.0043,24.52432913654307,6.642876016863824
853,-0.0415,0.0041,1997-08-01,-0.0374,0.9626,1.0041,23.60711922683636,6.670111808532966
854,0.0535,0.0044,1997-09-01,0.0579,1.0579,1.0044,24.973971430070186,6.699460300490511
855,-0.038,0.0042,1997-10-01,-0.0338,0.9662,1.0042,24.129851195733814,6.727598033752571
856,0.0298,0.0039,1997-11-01,0.0337,1.0337,1.0039,24.943027181030043,6.753835666084206
857,0.0132,0.0048,1997-12-01,0.018,1.018,1.0048,25.392001670288586,6.786254077281409
858,0.0015,0.0043,1998-01-01,0.0058,1.0058,1.0043,25.53927527997626,6.815434969813719
859,0.0704,0.0039,1998-02-01,0.0743,1.0743,1.0039,27.436843433278497,6.842015166195993
860,0.0476,0.0039,1998-03-01,0.051500000000000004,1.0515,1.0039,28.849840870092343,6.868699025344157
861,0.0073,0.0043,1998-04-01,0.0116,1.0116,1.0043,29.184499024185417,6.898234431153137
862,-0.0307,0.004,1998-05-01,-0.0267,0.9733,1.004,28.40527290023967,6.92582736887775
863,0.0318,0.0041,1998-06-01,0.0359,1.0359,1.0041,29.425022197358274,6.954223261090148
864,-0.0246,0.004,1998-07-01,-0.0206,0.9794,1.004,28.818866740092695,6.982040154134509
865,-0.16079999999999994,0.0043,1998-08-01,-0.15649999999999994,0.8435,1.0043,24.30871409526819,7.012062926797287
866,0.06150000000000001,0.0046,1998-09-01,0.06610000000000002,1.0661,1.0046,25.91552009696542,7.0443184162605545
867,0.0713,0.0032,1998-10-01,0.0745,1.0745,1.0032,27.846226344189343,7.066860235192589
868,0.061,0.0031,1998-11-01,0.0641,1.0641,1.0031,29.631169452851882,7.088767501921687
869,0.0616,0.0038,1998-12-01,0.0654,1.0654,1.0038,31.569047935068394,7.1157048184289895
870,0.035,0.0035,1999-01-01,0.038500000000000006,1.0385,1.0035,32.78445628056853,7.140609785293491
871,-0.0408,0.0035,1999-02-01,-0.0373,0.9627,1.0035,31.56159606130332,7.165601919542019
872,0.0345,0.0043,1999-03-01,0.0388,1.0388,1.0043,32.78618598848189,7.19641400779605
873,0.0433,0.0037,1999-04-01,0.047,1.047,1.0037,34.327136729940534,7.223040739624896
874,-0.0246,0.0034,1999-05-01,-0.0212,0.9788,1.0034,33.5994014312658,7.247599078139621
875,0.047699999999999985,0.004,1999-06-01,0.05169999999999998,1.0517,1.004,35.33649048526224,7.276589474452179
876,-0.0349,0.0038,1999-07-01,-0.0311,0.9689,1.0038,34.237525631170584,7.304240514455098
877,-0.0138,0.0039,1999-08-01,-0.009899999999999999,0.9901,1.0039,33.898574127421995,7.332727052461473
878,-0.0279,0.0039,1999-09-01,-0.024,0.976,1.0039,33.085008348363864,7.361324687966072
879,0.0612,0.0039,1999-10-01,0.06509999999999999,1.0651,1.0039,35.23884239184235,7.39003385424914
880,0.0337,0.0036,1999-11-01,0.0373,1.0373,1.0036,36.55325121305807,7.416637976124437
881,0.07719999999999999,0.0044,1999-12-01,0.08159999999999999,1.0816,1.0044,39.5359965120436,7.449271183219384
882,-0.047400000000000005,0.0041,2000-01-01,-0.043300000000000005,0.9567,1.0041,37.824087863072116,7.479813195070584
883,0.0245,0.0043,2000-02-01,0.0288,1.0288,1.0043,38.91342159352859,7.511976391809387
884,0.052000000000000005,0.004699999999999999,2000-03-01,0.0567,1.0567,1.0047,41.11981259788166,7.547282680850891
885,-0.064,0.0046,2000-04-01,-0.0594,0.9406,1.0046,38.67729572956749,7.582000181182805
886,-0.0442,0.005,2000-05-01,-0.039200000000000006,0.9608,1.005,37.16114573696844,7.619910182088717
887,0.0464,0.004,2000-06-01,0.0504,1.0504,1.004,39.03406748211165,7.650389822817072
888,-0.0251,0.0048,2000-07-01,-0.020300000000000002,0.9797,1.0048,38.241675912224785,7.687111693966593
889,0.0703,0.005,2000-08-01,0.0753,1.0753,1.005,41.12127410841531,7.725547252436425
890,-0.0545,0.0051,2000-09-01,-0.0494,0.9506,1.0051,39.08988316745959,7.764947543423852
891,-0.0276,0.005600000000000001,2000-10-01,-0.022,0.978,1.0056,38.229905737775475,7.808431249667026
892,-0.1072,0.0051,2000-11-01,-0.1021,0.8979,1.0051,34.3266323619486,7.848254249040329
893,0.0119,0.005,2000-12-01,0.016900000000000002,1.0169,1.005,34.906752448865525,7.88749552028553
894,0.0313,0.0054,2001-01-01,0.0367,1.0367,1.0054,36.18783026373889,7.9300879960950725
895,-0.1005,0.0038,2001-02-01,-0.09670000000000001,0.9033,1.0038,32.68846707723534,7.960222330480234
896,-0.0726,0.0042,2001-03-01,-0.0684,0.9316,1.0042,30.452575929152438,7.993655264268251
897,0.0794,0.0039,2001-04-01,0.0833,1.0833,1.0039,32.98927550405083,8.024830519798897
898,0.0072,0.0032,2001-05-01,0.0104,1.0104,1.0032,33.332363969292956,8.050509977462253
899,-0.0194,0.0028000000000000004,2001-06-01,-0.0166,0.9834,1.0028,32.779046727402694,8.073051405399147
900,-0.0213,0.003,2001-07-01,-0.0183,0.9817,1.003,32.17919017229122,8.097270559615342
901,-0.0646,0.0031,2001-08-01,-0.061500000000000006,0.9385,1.0031,30.20016997669531,8.122372098350152
902,-0.0925,0.0028000000000000004,2001-09-01,-0.0897,0.9103,1.0028,27.491214729785742,8.145114740225532
903,0.0246,0.0022,2001-10-01,0.0268,1.0268,1.0022,28.227979284544,8.163033992654029
904,0.0754,0.0017,2001-11-01,0.07709999999999999,1.0771,1.0017,30.40435648738234,8.17691115044154
905,0.0161,0.0015,2001-12-01,0.0176,1.0176,1.0015,30.939473161560272,8.189176517167203
906,-0.0144,0.0014000000000000002,2002-01-01,-0.013,0.987,1.0014,30.53726001045999,8.200641364291238
907,-0.0229,0.0013,2002-02-01,-0.0216,0.9784,1.0013,29.877655194234055,8.211302198064818
908,0.0424,0.0013,2002-03-01,0.0437,1.0437,1.0013,31.183308726222087,8.221976890922303
909,-0.052000000000000005,0.0015,2002-04-01,-0.0505,0.9495,1.0015,29.608551635547872,8.234309856258687
910,-0.0138,0.0014000000000000002,2002-05-01,-0.0124,0.9876,1.0014,29.24140559526708,8.24583789005745
911,-0.0721,0.0013,2002-06-01,-0.0708,0.9292,1.0013,27.17111407912217,8.256557479314525
912,-0.0818,0.0015,2002-07-01,-0.0803,0.9197,1.0015,24.989273618568657,8.268942315533497
913,0.005,0.0014000000000000002,2002-08-01,0.0064,1.0064,1.0014,25.149204969727496,8.280518834775245
914,-0.1035,0.0014000000000000002,2002-09-01,-0.1021,0.8979,1.0014,22.581471142318318,8.292111561143932
915,0.0784,0.0014000000000000002,2002-10-01,0.0798,1.0798,1.0014,24.38347253947532,8.303720517329534
916,0.0596,0.0012,2002-11-01,0.0608,1.0608,1.0012,25.86598766987542,8.313684981950331
917,-0.0576,0.0011,2002-12-01,-0.0565,0.9435,1.0011,24.404559366527458,8.322830035430478
918,-0.0257,0.001,2003-01-01,-0.0247,0.9753000000000001,1.001,23.80176675017423,8.331152865465908
919,-0.0188,0.0009,2003-02-01,-0.0179,0.9821,1.0009,23.37571512534611,8.338650903044826
920,0.0109,0.001,2003-03-01,0.0119,1.0119,1.001,23.653886135337732,8.34698955394787
921,0.08220000000000001,0.001,2003-04-01,0.08320000000000001,1.0832,1.001,25.62188946179783,8.355336543501817
922,0.0605,0.0009,2003-05-01,0.061399999999999996,1.0614,1.0009,27.195073474752217,8.362856346390968
923,0.0142,0.001,2003-06-01,0.015200000000000002,1.0152,1.001,27.608438591568454,8.371219202737358
924,0.0235,0.0007000000000000001,2003-07-01,0.0242,1.0242,1.0007,28.27656280548441,8.377079056179273
925,0.0234,0.0007000000000000001,2003-08-01,0.0241,1.0241,1.0007,28.958027969096584,8.382943011518599
926,-0.0124,0.0008,2003-09-01,-0.0116,0.9884,1.0008,28.622114844655062,8.389649365927813
927,0.0608,0.0007000000000000001,2003-10-01,0.0615,1.0615,1.0007,30.382374907601353,8.395522120483962
928,0.013500000000000002,0.0007000000000000001,2003-11-01,0.0142,1.0142,1.0007,30.81380463128929,8.4013989859683
929,0.0429,0.0008,2003-12-01,0.0437,1.0437,1.0008,32.160367893676636,8.408120105157073
930,0.0215,0.0007000000000000001,2004-01-01,0.022199999999999998,1.0222,1.0007,32.874328060916255,8.414005789230682
931,0.014,0.0006,2004-02-01,0.0146,1.0146,1.0006,33.35429325060563,8.41905419270422
932,-0.0132,0.0009,2004-03-01,-0.0123,0.9877,1.0009,32.94403544362318,8.426631341477652
933,-0.0183,0.0008,2004-04-01,-0.0175,0.9825,1.0008,32.36751482335978,8.433372646550833
934,0.0117,0.0006,2004-05-01,0.0123,1.0123,1.0006,32.7656352556871,8.438432670138763
935,0.0186,0.0008,2004-06-01,0.019399999999999997,1.0194,1.0008,33.401288579647435,8.445183416274872
936,-0.0406,0.001,2004-07-01,-0.039599999999999996,0.9604,1.001,32.078597551893395,8.453628599691147
937,0.0008,0.0011,2004-08-01,0.0019000000000000002,1.0019,1.0011,32.13954688724199,8.462927591150807
938,0.016,0.0011,2004-09-01,0.0171,1.0171,1.0011,32.689133139013826,8.472236811501073
939,0.0143,0.0011,2004-10-01,0.0154,1.0154,1.0011,33.19254578935464,8.481556271993725
940,0.0454,0.0015,2004-11-01,0.046900000000000004,1.0469,1.0015,34.74927618687537,8.494278606401716
941,0.034300000000000004,0.0016,2004-12-01,0.0359,1.0359,1.0016,35.9967752019842,8.50786945217196
942,-0.0276,0.0016,2005-01-01,-0.026,0.974,1.0016,35.06085904673261,8.521482043295435
943,0.0189,0.0016,2005-02-01,0.0205,1.0205,1.0016,35.77960665719063,8.535116414564708
944,-0.0197,0.0021,2005-03-01,-0.017599999999999998,0.9824,1.0021,35.149885580024076,8.553040159035294
945,-0.0261,0.0021,2005-04-01,-0.024,0.976,1.0021,34.3062883261035,8.571001543369269
946,0.0365,0.0024,2005-05-01,0.0389,1.0389,1.0024,35.64080294198892,8.591571947073355
947,0.005699999999999999,0.0023,2005-06-01,0.008,1.008,1.0023,35.92592936552484,8.611332562551624
948,0.0392,0.0024,2005-07-01,0.0416,1.0416,1.0024,37.420448027130675,8.631999760701747
949,-0.0122,0.003,2005-08-01,-0.0092,0.9908,1.003,37.07617990528107,8.657895759983852
950,0.0049,0.0029,2005-09-01,0.0078,1.0078,1.0029,37.36537410854227,8.683003657687804
951,-0.0202,0.0027,2005-10-01,-0.017499999999999998,0.9825,1.0027,36.71148006164278,8.70644776756356
952,0.0361,0.0031,2005-11-01,0.0392,1.0392,1.0031,38.150570080059175,8.733437755643008
953,-0.0025,0.0032,2005-12-01,0.0007000000000000001,1.0007,1.0032,38.17727547911522,8.761384756461066
954,0.0304,0.0035,2006-01-01,0.0339,1.0339,1.0035,39.47148511785723,8.79204960310868
955,-0.003,0.0034,2006-02-01,0.00039999999999999975,1.0004,1.0034,39.48727371190437,8.82194257175925
956,0.0146,0.0037,2006-03-01,0.0183,1.0183,1.0037,40.20989082083222,8.854583759274758
957,0.0073,0.0036,2006-04-01,0.0109,1.0109,1.0036,40.64817863077929,8.886460260808148
958,-0.0357,0.0043,2006-05-01,-0.031400000000000004,0.9686,1.0043,39.37182582177282,8.924672039929623
959,-0.0035,0.004,2006-06-01,0.0005,1.0005,1.004,39.39151173468371,8.960370728089341
960,-0.0078,0.004,2006-07-01,-0.0037999999999999996,0.9962,1.004,39.24182399009191,8.996212211001698
961,0.0203,0.0042,2006-08-01,0.024499999999999997,1.0245,1.0042,40.20324867784916,9.033996302287905
962,0.0184,0.0041,2006-09-01,0.0225,1.0225,1.0041,41.10782177310077,9.071035687127285
963,0.0323,0.0041,2006-10-01,0.0364,1.0364,1.0041,42.604146485641635,9.108226933444508
964,0.0171,0.0042,2006-11-01,0.0213,1.0213,1.0042,43.511614805785804,9.146481486564975
965,0.0087,0.004,2006-12-01,0.0127,1.0127,1.004,44.06421231381928,9.183067412511235
966,0.014,0.0044,2007-01-01,0.0184,1.0184,1.0044,44.874993820393556,9.223472909126285
967,-0.0196,0.0038,2007-02-01,-0.015799999999999998,0.9842,1.0038,44.16596891803134,9.258522106180965
968,0.0068000000000000005,0.0043,2007-03-01,0.0111,1.0111,1.0043,44.65621117302149,9.298333751237543
969,0.0349,0.0044,2007-04-01,0.0393,1.0393,1.0044,46.41120027212123,9.339246419742988
970,0.032400000000000005,0.0041,2007-05-01,0.036500000000000005,1.0365,1.0041,48.105209082053655,9.377537330063934
971,-0.0196,0.004,2007-06-01,-0.0156,0.9844,1.004,47.35476782037362,9.415047479384189
972,-0.0373,0.004,2007-07-01,-0.033299999999999996,0.9667,1.004,45.777854051955174,9.452707669301725
973,0.0092,0.0042,2007-08-01,0.013399999999999999,1.0134,1.0042,46.391277296251374,9.492409041512792
974,0.0322,0.0032,2007-09-01,0.0354,1.0354,1.0032,48.03352851253868,9.522784750445634
975,0.018000000000000002,0.0032,2007-10-01,0.021200000000000004,1.0212,1.0032,49.05183931700451,9.553257661647061
976,-0.0483,0.0034,2007-11-01,-0.0449,0.9551,1.0034,46.849411731671005,9.585738737696662
977,-0.0087,0.0027,2007-12-01,-0.005999999999999999,0.994,1.0027,46.56831526128098,9.611620232288443
978,-0.0636,0.0021,2008-01-01,-0.061500000000000006,0.9385,1.0021,43.7043638727122,9.631804634776248
979,-0.0309,0.0013,2008-02-01,-0.0296,0.9704,1.0013,42.41071470207992,9.644325980801458
980,-0.0093,0.0017,2008-03-01,-0.007599999999999999,0.9924,1.0017,42.08839327034411,9.660721334968821
981,0.046,0.0018,2008-04-01,0.0478,1.0478,1.0018,44.10021846866656,9.678110633371766
982,0.0186,0.0018,2008-05-01,0.020399999999999998,1.0204,1.0018,44.99986292542736,9.695531232511835
983,-0.08439999999999999,0.0017,2008-06-01,-0.0827,0.9173,1.0017,41.27837426149451,9.712013635607105
984,-0.0077,0.0015,2008-07-01,-0.006200000000000001,0.9938,1.0015,41.02244834107325,9.726581656060517
985,0.0153,0.0013,2008-08-01,0.0166,1.0166,1.0013,41.70342098353506,9.739226212213397
986,-0.0924,0.0015,2008-09-01,-0.0909,0.9091,1.0015,37.91258001613173,9.753835051531718
987,-0.1723,0.0008,2008-10-01,-0.1715,0.8285,1.0008,31.410572543365138,9.761638119572943
988,-0.0786,0.0003,2008-11-01,-0.07830000000000001,0.9217,1.0003,28.951124713219645,9.764566611008815
989,0.0174,0.0,2008-12-01,0.0174,1.0174,1.0,29.45487428322967,9.764566611008815
990,-0.0812,0.0,2009-01-01,-0.0812,0.9188000000000001,1.0,27.063138491431424,9.764566611008815
991,-0.101,0.0001,2009-02-01,-0.1009,0.8991,1.0001,24.332467817645995,9.765543067669917
992,0.0895,0.0002,2009-03-01,0.0897,1.0897000000000001,1.0002,26.515090180888844,9.767496176283451
993,0.1019,0.0001,2009-04-01,0.10200000000000001,1.102,1.0001,29.21962937933951,9.76847292590108
994,0.0521,0.0,2009-05-01,0.0521,1.0521,1.0,30.741972070003097,9.76847292590108
995,0.0043,0.0001,2009-06-01,0.0044,1.0044,1.0001,30.87723674711111,9.769449773193669
996,0.07719999999999999,0.0001,2009-07-01,0.0773,1.0773,1.0001,33.264047147662794,9.770426718170988
997,0.0333,0.0001,2009-08-01,0.033400000000000006,1.0334,1.0001,34.37506632239474,9.771403760842805
998,0.0408,0.0001,2009-09-01,0.040900000000000006,1.0409,1.0001,35.781006534980676,9.77238090121889
999,-0.0259,0.0,2009-10-01,-0.0259,0.9741,1.0,34.854278465724676,9.77238090121889
1000,0.0556,0.0,2009-11-01,0.0556,1.0556,1.0,36.79217634841897,9.77238090121889
1001,0.0275,0.0001,2009-12-01,0.0276,1.0276,1.0001,37.80764041563533,9.773358139309012
1002,-0.0336,0.0,2010-01-01,-0.0336,0.9664,1.0,36.53730369766999,9.773358139309012
1003,0.034,0.0,2010-02-01,0.034,1.034,1.0,37.77957202339077,9.773358139309012
1004,0.06309999999999999,0.0001,2010-03-01,0.06319999999999999,1.0632,1.0001,40.16724097526907,9.774335475122943
1005,0.02,0.0001,2010-04-01,0.0201,1.0201,1.0001,40.974602518871976,9.775312908670454
1006,-0.0789,0.0001,2010-05-01,-0.0788,0.9212,1.0001,37.745803840384866,9.77629043996132
1007,-0.0556,0.0001,2010-06-01,-0.055499999999999994,0.9445,1.0001,35.6509117272435,9.777268069005316
1008,0.0693,0.0001,2010-07-01,0.0694,1.0694,1.0001,38.1250850011142,9.778245795812216
1009,-0.047699999999999985,0.0001,2010-08-01,-0.04759999999999998,0.9524,1.0001,36.31033095506117,9.779223620391797
1010,0.09539999999999997,0.0001,2010-09-01,0.09549999999999997,1.0955,1.0001,39.777967561269506,9.780201542753836
1011,0.0388,0.0001,2010-10-01,0.038900000000000004,1.0389,1.0001,41.32533049940289,9.781179562908111
1012,0.006,0.0001,2010-11-01,0.0061,1.0061,1.0001,41.57741501544925,9.782157680864401
1013,0.0682,0.0001,2010-12-01,0.0683,1.0683,1.0001,44.417152461004434,9.783135896632487
1014,0.0199,0.0001,2011-01-01,0.02,1.02,1.0001,45.305495510224524,9.78411421022215
1015,0.0349,0.0001,2011-02-01,0.035,1.035,1.0001,46.89118785308238,9.785092621643171
1016,0.0045000000000000005,0.0001,2011-03-01,0.004600000000000001,1.0046,1.0001,47.10688731720656,9.786071130905336
1017,0.029,0.0,2011-04-01,0.029,1.029,1.0,48.472987049405546,9.786071130905336
1018,-0.0127,0.0,2011-05-01,-0.0127,0.9873,1.0,47.857380113878094,9.786071130905336
1019,-0.0175,0.0,2011-06-01,-0.0175,0.9825,1.0,47.019875961885226,9.786071130905336
1020,-0.0236,0.0,2011-07-01,-0.0236,0.9764,1.0,45.910206889184735,9.786071130905336
1021,-0.0599,0.0001,2011-08-01,-0.0598,0.9402,1.0001,43.16477651721149,9.787049738018426
1022,-0.0759,0.0,2011-09-01,-0.0759,0.9241,1.0,39.88856997955514,9.787049738018426
1023,0.1135,0.0,2011-10-01,0.1135,1.1135,1.0,44.41592267223465,9.787049738018426
1024,-0.0028000000000000004,0.0,2011-11-01,-0.0028000000000000004,0.9972,1.0,44.29155808875239,9.787049738018426
1025,0.0074,0.0,2011-12-01,0.0074,1.0074,1.0,44.61931561860916,9.787049738018426
1026,0.0505,0.0,2012-01-01,0.0505,1.0505,1.0,46.87259105734892,9.787049738018426
1027,0.0442,0.0,2012-02-01,0.0442,1.0442,1.0,48.94435958208374,9.787049738018426
1028,0.0311,0.0,2012-03-01,0.0311,1.0311,1.0,50.46652916508654,9.787049738018426
1029,-0.0085,0.0,2012-04-01,-0.0085,0.9915,1.0,50.037563667183306,9.787049738018426
1030,-0.0619,0.0001,2012-05-01,-0.061799999999999994,0.9382,1.0001,46.94524223255138,9.788028442992228
1031,0.0389,0.0,2012-06-01,0.0389,1.0389,1.0,48.77141215539763,9.788028442992228
1032,0.0079,0.0,2012-07-01,0.0079,1.0079,1.0,49.15670631142527,9.788028442992228
1033,0.0255,0.0001,2012-08-01,0.025599999999999998,1.0256,1.0001,50.41511799299776,9.789007245836528
1034,0.0273,0.0001,2012-09-01,0.0274,1.0274,1.0001,51.7964922260059,9.78998614656111
1035,-0.0176,0.0001,2012-10-01,-0.0175,0.9825,1.0001,50.8900536120508,9.790965145175766
1036,0.0078,0.0001,2012-11-01,0.007899999999999999,1.0079,1.0001,51.292085035586,9.791944241690285
1037,0.0118,0.0001,2012-12-01,0.011899999999999999,1.0119,1.0001,51.902460847509474,9.792923436114453
1038,0.0557,0.0,2013-01-01,0.0557,1.0557,1.0,54.79342791671576,9.792923436114453
1039,0.0129,0.0,2013-02-01,0.0129,1.0129,1.0,55.50026313684138,9.792923436114453
1040,0.0403,0.0,2013-03-01,0.0403,1.0403,1.0,57.73692374125609,9.792923436114453
1041,0.0155,0.0,2013-04-01,0.0155,1.0155,1.0,58.63184605924557,9.792923436114453
1042,0.028,0.0,2013-05-01,0.028,1.028,1.0,60.273537748904445,9.792923436114453
1043,-0.012,0.0,2013-06-01,-0.012,0.988,1.0,59.550255295917594,9.792923436114453
1044,0.0565,0.0,2013-07-01,0.0565,1.0565,1.0,62.91484472013694,9.792923436114453
1045,-0.0271,0.0,2013-08-01,-0.0271,0.9729,1.0,61.209852428221225,9.792923436114453
1046,0.0377,0.0,2013-09-01,0.0377,1.0377,1.0,63.51746386476517,9.792923436114453
1047,0.0418,0.0,2013-10-01,0.0418,1.0418,1.0,66.17249385431235,9.792923436114453
1048,0.0312,0.0,2013-11-01,0.0312,1.0312,1.0,68.2370756625669,9.792923436114453
1049,0.0281,0.0,2013-12-01,0.0281,1.0281,1.0,70.15453748868502,9.792923436114453
1050,-0.0332,0.0,2014-01-01,-0.0332,0.9668,1.0,67.82540684406068,9.792923436114453
1051,0.046500000000000014,0.0,2014-02-01,0.046500000000000014,1.0465,1.0,70.9792882623095,9.792923436114453
1052,0.0043,0.0,2014-03-01,0.0043,1.0043,1.0,71.28449920183742,9.792923436114453
1053,-0.0019,0.0,2014-04-01,-0.0019,0.9981,1.0,71.14905865335393,9.792923436114453
1054,0.0206,0.0,2014-05-01,0.0206,1.0206,1.0,72.61472926161302,9.792923436114453
1055,0.0261,0.0,2014-06-01,0.0261,1.0261,1.0,74.50997369534112,9.792923436114453
1056,-0.0204,0.0,2014-07-01,-0.0204,0.9796,1.0,72.98997023195616,9.792923436114453
1057,0.0424,0.0,2014-08-01,0.0424,1.0424,1.0,76.0847449697911,9.792923436114453
1058,-0.0197,0.0,2014-09-01,-0.0197,0.9803,1.0,74.58587549388622,9.792923436114453
1059,0.0252,0.0,2014-10-01,0.0252,1.0252,1.0,76.46543955633214,9.792923436114453
1060,0.0255,0.0,2014-11-01,0.0255,1.0255,1.0,78.41530826501862,9.792923436114453
1061,-0.0006,0.0,2014-12-01,-0.0006,0.9994,1.0,78.3682590800596,9.792923436114453
1062,-0.0311,0.0,2015-01-01,-0.0311,0.9689,1.0,75.93100622266975,9.792923436114453
1063,0.0613,0.0,2015-02-01,0.0613,1.0613,1.0,80.5855769041194,9.792923436114453
1064,-0.011200000000000002,0.0,2015-03-01,-0.011200000000000002,0.9888,1.0,79.68301844279327,9.792923436114453
1065,0.0059,0.0,2015-04-01,0.0059,1.0059,1.0,80.15314825160576,9.792923436114453
1066,0.0136,0.0,2015-05-01,0.0136,1.0136,1.0,81.2432310678276,9.792923436114453
1067,-0.0153,0.0,2015-06-01,-0.0153,0.9847,1.0,80.00020963248983,9.792923436114453
1068,0.0154,0.0,2015-07-01,0.0154,1.0154,1.0,81.23221286083017,9.792923436114453
1069,-0.0604,0.0,2015-08-01,-0.0604,0.9396,1.0,76.32578720403603,9.792923436114453
1070,-0.0308,0.0,2015-09-01,-0.0308,0.9692,1.0,73.97495295815172,9.792923436114453
1071,0.0775,0.0,2015-10-01,0.0775,1.0775,1.0,79.70801181240847,9.792923436114453
1072,0.005600000000000001,0.0,2015-11-01,0.005600000000000001,1.0056,1.0,80.15437667855797,9.792923436114453
1073,-0.0217,0.0001,2015-12-01,-0.0216,0.9784,1.0001,78.42304214230111,9.793902728458065
1074,-0.0577,0.0001,2016-01-01,-0.0576,0.9424,1.0001,73.90587491490457,9.79488211873091
1075,-0.0007000000000000001,0.0002,2016-02-01,-0.0005000000000000001,0.9995,1.0002,73.86892197744713,9.796841095154656
1076,0.0696,0.0002,2016-03-01,0.0698,1.0698,1.0002,79.02497273147294,9.798800463373688
1077,0.0092,0.0001,2016-04-01,0.0093,1.0093,1.0001,79.75990497787565,9.799780343420025
1078,0.0178,0.0001,2016-05-01,0.0179,1.0179,1.0001,81.18760727697962,9.800760321454367
1079,-0.0005,0.0002,2016-06-01,-0.00030000000000000003,0.9997,1.0002,81.16325099479653,9.802720473518658
1080,0.0395,0.0002,2016-07-01,0.0397,1.0397,1.0002,84.38543205928995,9.804681017613362
1081,0.005,0.0002,2016-08-01,0.0052,1.0052,1.0002,84.82423630599827,9.806641953816884
1082,0.0025,0.0002,2016-09-01,0.0027,1.0027,1.0002,85.05326174402445,9.808603282207647
1083,-0.0202,0.0002,2016-10-01,-0.02,0.98,1.0002,83.35219650914397,9.810565002864088
1084,0.0486,0.0001,2016-11-01,0.0487,1.0487,1.0001,87.41144847913927,9.811546059364375
1085,0.0182,0.0003,2016-12-01,0.018500000000000003,1.0185,1.0003,89.02856027600335,9.814489523182184
1086,0.0194,0.0004,2017-01-01,0.0198,1.0198,1.0004,90.79132576946822,9.818415318991457
1087,0.0357,0.0004,2017-02-01,0.0361,1.0361,1.0004,94.06889262974602,9.822342685119054
1088,0.0017,0.0003,2017-03-01,0.002,1.002,1.0003,94.2570304150055,9.82528938792459
1089,0.0109,0.0005,2017-04-01,0.0114,1.0114,1.0005,95.33156056173657,9.830202032618551
1090,0.0106,0.0006,2017-05-01,0.0112,1.0112,1.0006,96.39927404002802,9.836100153838121
1091,0.0078,0.0006,2017-06-01,0.0084,1.0084,1.0006,97.20902794196425,9.842001813930423
1092,0.0187,0.0007000000000000001,2017-07-01,0.0194,1.0194,1.0007,99.09488308403837,9.848891215200174
1093,0.0016,0.0009,2017-08-01,0.0025,1.0025,1.0009,99.34262029174846,9.857755217293853
1094,0.0251,0.0009,2017-09-01,0.026000000000000002,1.026,1.0009,101.92552841933393,9.866627196989416
1095,0.0225,0.0009,2017-10-01,0.0234,1.0234,1.0009,104.31058578434636,9.875507161466706
1096,0.0312,0.0008,2017-11-01,0.032,1.032,1.0008,107.64852452944544,9.883407567195878
1097,0.0106,0.0009,2017-12-01,0.0115,1.0115,1.0009,108.88648256153407,9.892302634006354
1098,0.0558,0.0011,2018-01-01,0.0569,1.0569,1.0011,115.08212341928535,9.903184166903761
1099,-0.0365,0.0011,2018-02-01,-0.0354,0.9646,1.0011,111.00821625024265,9.914077669487357
1100,-0.0235,0.0012,2018-03-01,-0.0223,0.9777,1.0012,108.53273302786225,9.925974562690742
1101,0.0029,0.0014000000000000002,2018-04-01,0.0043,1.0043,1.0014,108.99942377988205,9.939870927078509
1102,0.0265,0.0014000000000000002,2018-05-01,0.0279,1.0279,1.0014,112.04050770334077,9.95378674637642
1103,0.0048,0.0014000000000000002,2018-06-01,0.0062,1.0062,1.0014,112.73515885110147,9.967722047821347
1104,0.0319,0.0016,2018-07-01,0.033499999999999995,1.0335,1.0016,116.51178667261338,9.983670403097861
1105,0.0344,0.0016,2018-08-01,0.036,1.036,1.0016,120.70621099282747,9.999644275742819
1106,0.0006,0.0015,2018-09-01,0.0021,1.0021,1.0015,120.9596940359124,10.014643742156434
1107,-0.0768,0.0019,2018-10-01,-0.0749,0.9251,1.0019,111.89981295262257,10.03367156526653
1108,0.0169,0.0018,2018-11-01,0.018699999999999998,1.0187,1.0018,113.99233945483661,10.05173217408401
1109,-0.0955,0.0019,2018-12-01,-0.0936,0.9064,1.0019,103.3226564818639,10.07083046521477
